,rule_id,rule,len_l,len_r,count_lhs,count_rhs,support,confidence,lift,rpf,conviction,lhs,rhs,itemset
0,0,"{('energy', 'energy_4'), ('acousticness', 'acousticness_0'), ((('acousticness', 'acousticness_0'),)",1,1,20086,20025,0.1146,0.5705466494075475,2.8491717823098504,0.06538464602210495,1.8622511549495502,"(('energy', 'energy_4'),)","(('acousticness', 'acousticness_0'),)","['acousticness,acousticness_0', 'energy,energy_4']"
1,2,"{('explicit', 0), ('acousticness', 'acousticness_0'), ((('acousticness', 'acousticness_0'),)",1,1,91537,20025,0.16697,0.1824071140631657,0.9108969491294168,0.03045651583512678,0.9781763182851506,"(('explicit', 0),)","(('acousticness', 'acousticness_0'),)","['explicit,0', 'acousticness,acousticness_0']"
2,4,"{('mode', 1), ('acousticness', 'acousticness_0'), ((('acousticness', 'acousticness_0'),)",1,1,71090,20025,0.13331,0.18752285834857224,0.936443737071522,0.024998672246448167,0.9843353837501272,"(('mode', 1),)","(('acousticness', 'acousticness_0'),)","['acousticness,acousticness_0', 'mode,1']"
3,6,"{('explicit', 0), ('acousticness', 'acousticness_1'), ((('acousticness', 'acousticness_1'),)",1,1,91537,19951,0.167,0.1824398876956859,0.9144398160276974,0.030467461245179545,0.9791206627787623,"(('explicit', 0),)","(('acousticness', 'acousticness_1'),)","['explicit,0', 'acousticness,acousticness_1']"
4,8,"{('instrumentalness', 'instrumentalness_0'), ('acousticness', 'acousticness_1'), ((('acousticness', 'acousticness_1'),)",1,1,40275,19951,0.1059,0.26294227188081937,1.3179403131713667,0.02784558659217877,1.0860614689661068,"(('instrumentalness', 'instrumentalness_0'),)","(('acousticness', 'acousticness_1'),)","['acousticness,acousticness_1', 'instrumentalness,instrumentalness_0']"
5,10,"{('mode', 1), ('acousticness', 'acousticness_1'), ((('acousticness', 'acousticness_1'),)",1,1,71090,19951,0.13881,0.1952595301730201,0.9786954547291871,0.02710397538331692,0.9947182091853639,"(('mode', 1),)","(('acousticness', 'acousticness_1'),)","['acousticness,acousticness_1', 'mode,1']"
6,12,"{('explicit', 0), ('acousticness', 'acousticness_2'), ((('acousticness', 'acousticness_2'),)",1,1,91537,19999,0.18529,0.2024208789888242,1.0121550026942556,0.037506564667839234,1.0030478204879467,"(('explicit', 0),)","(('acousticness', 'acousticness_2'),)","['explicit,0', 'acousticness,acousticness_2']"
7,13,"{('acousticness', 'acousticness_2'), ('explicit', 0), ((('explicit', 0),)",1,1,19999,91537,0.18529,0.9264963248162408,1.0121550026942556,0.17167050402520126,1.1513709843358713,"(('acousticness', 'acousticness_2'),)","(('explicit', 0),)","['acousticness,acousticness_2', 'explicit,0']"
8,14,"{('instrumentalness', 'instrumentalness_0'), ('acousticness', 'acousticness_2'), ((('acousticness', 'acousticness_2'),)",1,1,40275,19999,0.10596,0.2630912476722533,1.3155220144619895,0.027877148603351956,1.0856296609143257,"(('instrumentalness', 'instrumentalness_0'),)","(('acousticness', 'acousticness_2'),)","['acousticness,acousticness_2', 'instrumentalness,instrumentalness_0']"
9,16,"{('mode', 1), ('acousticness', 'acousticness_2'), ((('acousticness', 'acousticness_2'),)",1,1,71090,19999,0.14597,0.20533127022084682,1.0267076864885585,0.02997220551413701,1.0067213783731115,"(('mode', 1),)","(('acousticness', 'acousticness_2'),)","['acousticness,acousticness_2', 'mode,1']"
10,18,"{('explicit', 0), ('acousticness', 'acousticness_3'), ((('acousticness', 'acousticness_3'),)",1,1,91537,20250,0.19869,0.21705976818117265,1.0719000897835687,0.04312760533991719,1.0185962690009593,"(('explicit', 0),)","(('acousticness', 'acousticness_3'),)","['explicit,0', 'acousticness,acousticness_3']"
11,20,"{('mode', 1), ('acousticness', 'acousticness_3'), ((('acousticness', 'acousticness_3'),)",1,1,71090,20250,0.15154,0.21316640877760584,1.0526736235931153,0.03230323758615839,1.0135561164178042,"(('mode', 1),)","(('acousticness', 'acousticness_3'),)","['mode,1', 'acousticness,acousticness_3']"
12,22,"{('energy', 'energy_0'), ('acousticness', 'acousticness_4'), ((('acousticness', 'acousticness_4'),)",1,1,19936,19775,0.11878,0.59580658105939,3.01292834922574,0.07076990569823434,1.9848170712870048,"(('energy', 'energy_0'),)","(('acousticness', 'acousticness_4'),)","['energy,energy_0', 'acousticness,acousticness_4']"
13,24,"{('explicit', 0), ('acousticness', 'acousticness_4'), ((('acousticness', 'acousticness_4'),)",1,1,91537,19775,0.19742,0.21567235107115157,1.090631358134774,0.042578035548466744,1.0228505906591174,"(('explicit', 0),)","(('acousticness', 'acousticness_4'),)","['explicit,0', 'acousticness,acousticness_4']"
14,26,"{('loudness', 'loudness_0'), ('acousticness', 'acousticness_4'), ((('acousticness', 'acousticness_4'),)",1,1,19989,19775,0.10109,0.5057281504827655,2.557411633288321,0.05112405873230277,1.6230946576473644,"(('loudness', 'loudness_0'),)","(('acousticness', 'acousticness_4'),)","['loudness,loudness_0', 'acousticness,acousticness_4']"
15,28,"{('mode', 1), ('acousticness', 'acousticness_4'), ((('acousticness', 'acousticness_4'),)",1,1,71090,19775,0.14127,0.19871993247995498,1.0049048418708217,0.02807316486144324,1.0012104774822947,"(('mode', 1),)","(('acousticness', 'acousticness_4'),)","['mode,1', 'acousticness,acousticness_4']"
16,30,"{('popularity', 'popularity_0'), ('acousticness', 'acousticness_4'), ((('acousticness', 'acousticness_4'),)",1,1,20102,19775,0.13073,0.6503333001691374,3.2886639705139697,0.08501807233111133,2.2943277071958206,"(('popularity', 'popularity_0'),)","(('acousticness', 'acousticness_4'),)","['popularity,popularity_0', 'acousticness,acousticness_4']"
17,32,"{('year', 'year_0'), ('acousticness', 'acousticness_4'), ((('acousticness', 'acousticness_4'),)",1,1,20084,19775,0.13055,0.6500199163513244,3.2870792230155472,0.0848601000796654,2.2922732897939935,"(('year', 'year_0'),)","(('acousticness', 'acousticness_4'),)","['year,year_0', 'acousticness,acousticness_4']"
18,34,"{('explicit', 0), ('danceability', 'danceability_0'), ((('danceability', 'danceability_0'),)",1,1,91537,20023,0.1955,0.21357483858985984,1.06664754826879,0.0417538809443176,1.0169689860240003,"(('explicit', 0),)","(('danceability', 'danceability_0'),)","['explicit,0', 'danceability,danceability_0']"
19,36,"{('mode', 1), ('danceability', 'danceability_0'), ((('danceability', 'danceability_0'),)",1,1,71090,20023,0.14498,0.2039386692924462,1.0185220461092053,0.029567028274018848,1.0046587720628146,"(('mode', 1),)","(('danceability', 'danceability_0'),)","['danceability,danceability_0', 'mode,1']"
20,38,"{('valence', 'valence_0'), ('danceability', 'danceability_0'), ((('danceability', 'danceability_0'),)",1,1,19940,20023,0.11136,0.5584754262788365,2.7891695863698573,0.06219182347041123,1.8113827537347826,"(('valence', 'valence_0'),)","(('danceability', 'danceability_0'),)","['danceability,danceability_0', 'valence,valence_0']"
21,40,"{('explicit', 0), ('danceability', 'danceability_1'), ((('danceability', 'danceability_1'),)",1,1,91537,19947,0.19226,0.21003528627768006,1.0529667933908862,0.04038138413974677,1.013374376197795,"(('explicit', 0),)","(('danceability', 'danceability_1'),)","['explicit,0', 'danceability,danceability_1']"
22,41,"{('danceability', 'danceability_1'), ('explicit', 0), ((('explicit', 0),)",1,1,19947,91537,0.19226,0.9638542136662155,1.0529667933908862,0.1853106111194666,2.3413516827975847,"(('danceability', 'danceability_1'),)","(('explicit', 0),)","['danceability,danceability_1', 'explicit,0']"
23,42,"{('mode', 1), ('danceability', 'danceability_1'), ((('danceability', 'danceability_1'),)",1,1,71090,19947,0.14536,0.2044732029821353,1.02508248349193,0.029722224785483187,1.0062891683782385,"(('mode', 1),)","(('danceability', 'danceability_1'),)","['danceability,danceability_1', 'mode,1']"
24,44,"{('explicit', 0), ('danceability', 'danceability_2'), ((('danceability', 'danceability_2'),)",1,1,91537,19916,0.19004,0.2076100374711865,1.0424283865795667,0.03945421152102428,1.010663987253896,"(('explicit', 0),)","(('danceability', 'danceability_2'),)","['explicit,0', 'danceability,danceability_2']"
25,46,"{('mode', 1), ('danceability', 'danceability_2'), ((('danceability', 'danceability_2'),)",1,1,71090,19916,0.14532,0.2044169362779575,1.0263955426689972,0.029705869179912785,1.0066076510562656,"(('mode', 1),)","(('danceability', 'danceability_2'),)","['danceability,danceability_2', 'mode,1']"
26,48,"{('explicit', 0), ('danceability', 'danceability_3'), ((('danceability', 'danceability_3'),)",1,1,91537,20146,0.1825,0.19937293116444715,0.9896402817653488,0.03638555993751161,0.997393206007909,"(('explicit', 0),)","(('danceability', 'danceability_3'),)","['explicit,0', 'danceability,danceability_3']"
27,50,"{('mode', 1), ('danceability', 'danceability_3'), ((('danceability', 'danceability_3'),)",1,1,71090,20146,0.14316,0.20137853425235616,0.9995956232123309,0.02882935096356731,0.9998979907865794,"(('mode', 1),)","(('danceability', 'danceability_3'),)","['mode,1', 'danceability,danceability_3']"
28,52,"{('explicit', 0), ('danceability', 'danceability_4'), ((('danceability', 'danceability_4'),)",1,1,91537,19968,0.15507,0.1694069064968264,0.8483919596195234,0.026269928990462873,0.9635524365618744,"(('explicit', 0),)","(('danceability', 'danceability_4'),)","['explicit,0', 'danceability,danceability_4']"
29,54,"{('instrumentalness', 'instrumentalness_0'), ('danceability', 'danceability_4'), ((('danceability', 'danceability_4'),)",1,1,40275,19968,0.10267,0.2549224084419615,1.2766546897133488,0.026172883674736188,1.074143160381861,"(('instrumentalness', 'instrumentalness_0'),)","(('danceability', 'danceability_4'),)","['instrumentalness,instrumentalness_0', 'danceability,danceability_4']"
30,56,"{('mode', 1), ('danceability', 'danceability_4'), ((('danceability', 'danceability_4'),)",1,1,71090,19968,0.13208,0.1857926571951048,0.9304520091902283,0.02453949416232944,0.9829437256854036,"(('mode', 1),)","(('danceability', 'danceability_4'),)","['mode,1', 'danceability,danceability_4']"
31,58,"{('explicit', 0), ('duration_ms', 'duration_ms_0'), ((('duration_ms', 'duration_ms_0'),)",1,1,91537,19952,0.1791,0.19565858614549309,0.9806464822849493,0.035042452778657814,0.9951992838076038,"(('explicit', 0),)","(('duration_ms', 'duration_ms_0'),)","['explicit,0', 'duration_ms,duration_ms_0']"
32,60,"{('mode', 1), ('duration_ms', 'duration_ms_0'), ((('duration_ms', 'duration_ms_0'),)",1,1,71090,19952,0.14909,0.20972007314671542,1.0511230610801696,0.0312671657054438,1.012906910307621,"(('mode', 1),)","(('duration_ms', 'duration_ms_0'),)","['mode,1', 'duration_ms,duration_ms_0']"
33,61,"{('duration_ms', 'duration_ms_0'), ('mode', 1), ((('mode', 1),)",1,1,19952,71090,0.14909,0.7472433841218925,1.0511230610801696,0.11140651613873295,1.1437880581358595,"(('duration_ms', 'duration_ms_0'),)","(('mode', 1),)","['duration_ms,duration_ms_0', 'mode,1']"
34,62,"{('explicit', 0), ('duration_ms', 'duration_ms_1'), ((('duration_ms', 'duration_ms_1'),)",1,1,91537,19952,0.18841,0.20582933677092324,1.0316225780419168,0.038780305341009645,1.0079445590917764,"(('explicit', 0),)","(('duration_ms', 'duration_ms_1'),)","['explicit,0', 'duration_ms,duration_ms_1']"
35,64,"{('mode', 1), ('duration_ms', 'duration_ms_1'), ((('duration_ms', 'duration_ms_1'),)",1,1,71090,19952,0.14802,0.2082149388099592,1.0435792843321934,0.030819975242650163,1.0109814370403876,"(('mode', 1),)","(('duration_ms', 'duration_ms_1'),)","['duration_ms,duration_ms_1', 'mode,1']"
36,66,"{('explicit', 0), ('duration_ms', 'duration_ms_2'), ((('duration_ms', 'duration_ms_2'),)",1,1,91537,19994,0.18253,0.19940570479696734,0.9973277223015271,0.03639752329659045,0.9993326255188593,"(('explicit', 0),)","(('duration_ms', 'duration_ms_2'),)","['explicit,0', 'duration_ms,duration_ms_2']"
37,68,"{('mode', 1), ('duration_ms', 'duration_ms_2'), ((('duration_ms', 'duration_ms_2'),)",1,1,71090,19994,0.1426,0.20059080039386692,1.0032549784628735,0.028604248136165425,1.0008141004549027,"(('mode', 1),)","(('duration_ms', 'duration_ms_2'),)","['mode,1', 'duration_ms,duration_ms_2']"
38,69,"{('duration_ms', 'duration_ms_2'), ('mode', 1), ((('mode', 1),)",1,1,19994,71090,0.1426,0.7132139641892568,1.0032549784628735,0.10170431129338801,1.0080686047863054,"(('duration_ms', 'duration_ms_2'),)","(('mode', 1),)","['duration_ms,duration_ms_2', 'mode,1']"
39,70,"{('explicit', 0), ('duration_ms', 'duration_ms_3'), ((('duration_ms', 'duration_ms_3'),)",1,1,91537,19995,0.17749,0.1938997345335766,0.9697411079448692,0.03441526388236451,0.9924943996198575,"(('explicit', 0),)","(('duration_ms', 'duration_ms_3'),)","['explicit,0', 'duration_ms,duration_ms_3']"
40,72,"{('mode', 1), ('duration_ms', 'duration_ms_3'), ((('duration_ms', 'duration_ms_3'),)",1,1,71090,19995,0.138,0.1941201294134196,0.9708433579065747,0.026788577859051907,0.9927658305013839,"(('mode', 1),)","(('duration_ms', 'duration_ms_3'),)","['duration_ms,duration_ms_3', 'mode,1']"
41,74,"{('explicit', 0), ('duration_ms', 'duration_ms_4'), ((('duration_ms', 'duration_ms_4'),)",1,1,91537,20107,0.18784,0.20520663775303977,1.0205731225595054,0.03854601483553099,1.0052046694704904,"(('explicit', 0),)","(('duration_ms', 'duration_ms_4'),)","['explicit,0', 'duration_ms,duration_ms_4']"
42,76,"{('mode', 1), ('duration_ms', 'duration_ms_4'), ((('duration_ms', 'duration_ms_4'),)",1,1,71090,20107,0.13319,0.18735405823603882,0.9317852401454162,0.02495368701645801,0.9831218713560415,"(('mode', 1),)","(('duration_ms', 'duration_ms_4'),)","['mode,1', 'duration_ms,duration_ms_4']"
43,78,"{('explicit', 0), ('energy', 'energy_0'), ((('energy', 'energy_0'),)",1,1,91537,19936,0.19122,0.20889913368364704,1.0478487845287272,0.03994569234298699,1.0120580485722466,"(('explicit', 0),)","(('energy', 'energy_0'),)","['explicit,0', 'energy,energy_0']"
44,80,"{('loudness', 'loudness_0'), ('energy', 'energy_0'), ((('energy', 'energy_0'),)",1,1,19989,19936,0.14297,0.7152433838611236,3.5876975514703235,0.10225834659062485,2.811664248734653,"(('loudness', 'loudness_0'),)","(('energy', 'energy_0'),)","['loudness,loudness_0', 'energy,energy_0']"
45,82,"{('mode', 1), ('energy', 'energy_0'), ((('energy', 'energy_0'),)",1,1,71090,19936,0.14428,0.20295400196933464,1.0180276984818148,0.0292822034041356,1.0045091512581528,"(('mode', 1),)","(('energy', 'energy_0'),)","['mode,1', 'energy,energy_0']"
46,84,"{('explicit', 0), ('energy', 'energy_1'), ((('energy', 'energy_1'),)",1,1,91537,20146,0.19401,0.21194708150802408,1.0520554030975084,0.04111985328337175,1.0133075841084185,"(('explicit', 0),)","(('energy', 'energy_1'),)","['explicit,0', 'energy,energy_1']"
47,86,"{('mode', 1), ('energy', 'energy_1'), ((('energy', 'energy_1'),)",1,1,71090,20146,0.14926,0.2099592066394711,1.0421880603567513,0.031338511183007456,1.010757932628467,"(('mode', 1),)","(('energy', 'energy_1'),)","['mode,1', 'energy,energy_1']"
48,88,"{('explicit', 0), ('energy', 'energy_2'), ((('energy', 'energy_2'),)",1,1,91537,19966,0.18435,0.20139397183652513,1.0086846230417967,0.03712697870806341,1.002171246864166,"(('explicit', 0),)","(('energy', 'energy_2'),)","['explicit,0', 'energy,energy_2']"
49,89,"{('energy', 'energy_2'), ('explicit', 0), ((('explicit', 0),)",1,1,19966,91537,0.18435,0.9233196433937694,1.0086846230417967,0.1702139762596414,1.103672474176404,"(('energy', 'energy_2'),)","(('explicit', 0),)","['energy,energy_2', 'explicit,0']"
50,90,"{('mode', 1), ('energy', 'energy_2'), ((('energy', 'energy_2'),)",1,1,71090,19966,0.14268,0.20070333380222252,1.0052255524502782,0.028636351666901108,1.0013053135901095,"(('mode', 1),)","(('energy', 'energy_2'),)","['energy,energy_2', 'mode,1']"
51,92,"{('explicit', 0), ('energy', 'energy_3'), ((('energy', 'energy_3'),)",1,1,91537,19866,0.17045,0.18620885543550694,0.9373243503247103,0.03173929940898216,0.9846998266909671,"(('explicit', 0),)","(('energy', 'energy_3'),)","['explicit,0', 'energy,energy_3']"
52,94,"{('mode', 1), ('energy', 'energy_3'), ((('energy', 'energy_3'),)",1,1,71090,19866,0.13669,0.19227739485159656,0.9678717147467863,0.026282397102264734,0.9920980221429747,"(('mode', 1),)","(('energy', 'energy_3'),)","['energy,energy_3', 'mode,1']"
53,96,"{('explicit', 0), ('energy', 'energy_4'), ((('energy', 'energy_4'),)",1,1,91537,20086,0.17534,0.1915509575362968,0.9536540751583032,0.03358654489441428,0.9884853058594519,"(('explicit', 0),)","(('energy', 'energy_4'),)","['explicit,0', 'energy,energy_4']"
54,98,"{('loudness', 'loudness_4'), ('energy', 'energy_4'), ((('energy', 'energy_4'),)",1,1,19959,20086,0.12286,0.6155619018988927,3.064631593641804,0.07562793526729795,2.0787221710557513,"(('loudness', 'loudness_4'),)","(('energy', 'energy_4'),)","['loudness,loudness_4', 'energy,energy_4']"
55,100,"{('mode', 1), ('energy', 'energy_4'), ((('energy', 'energy_4'),)",1,1,71090,20086,0.13799,0.19410606273737516,0.966374901609953,0.026784695597130398,0.9916193211762019,"(('mode', 1),)","(('energy', 'energy_4'),)","['mode,1', 'energy,energy_4']"
56,102,"{('instrumentalness', 'instrumentalness_0'), ('explicit', 0), ((('explicit', 0),)",1,1,40275,91537,0.34019,0.8446679081315953,0.9227611874232226,0.2873475756672874,0.5448326771190639,"(('instrumentalness', 'instrumentalness_0'),)","(('explicit', 0),)","['explicit,0', 'instrumentalness,instrumentalness_0']"
57,104,"{('instrumentalness', 'instrumentalness_1'), ('explicit', 0), ((('explicit', 0),)",1,1,20020,91537,0.18808,0.9394605394605394,1.0263178162497564,0.17669373826173826,1.3979311650275716,"(('instrumentalness', 'instrumentalness_1'),)","(('explicit', 0),)","['explicit,0', 'instrumentalness,instrumentalness_1']"
58,106,"{('instrumentalness', 'instrumentalness_2'), ('explicit', 0), ((('explicit', 0),)",1,1,19774,91537,0.19009,0.9613128350359057,1.0501904530800723,0.18273595681197533,2.1875471591417526,"(('instrumentalness', 'instrumentalness_2'),)","(('explicit', 0),)","['explicit,0', 'instrumentalness,instrumentalness_2']"
59,108,"{('instrumentalness', 'instrumentalness_3'), ('explicit', 0), ((('explicit', 0),)",1,1,19931,91537,0.19701,0.9884601876473835,1.0798476983595522,0.19473654156841103,7.333740799266172,"(('instrumentalness', 'instrumentalness_3'),)","(('explicit', 0),)","['instrumentalness,instrumentalness_3', 'explicit,0']"
60,109,"{('explicit', 0), ('instrumentalness', 'instrumentalness_3'), ((('instrumentalness', 'instrumentalness_3'),)",1,1,91537,19931,0.19701,0.21522444476004238,1.0798476983595522,0.042401367862175944,1.0202789748400067,"(('explicit', 0),)","(('instrumentalness', 'instrumentalness_3'),)","['explicit,0', 'instrumentalness,instrumentalness_3']"
61,110,"{('key', 0), ('explicit', 0), ((('explicit', 0),)",1,1,12692,91537,0.11861,0.934525685471163,1.0209267132101367,0.11084409155373463,1.292567922496665,"(('key', 0),)","(('explicit', 0),)","['explicit,0', 'key,0']"
62,112,"{('key', 2), ('explicit', 0), ((('explicit', 0),)",1,1,10960,91537,0.10265,0.9365875912408759,1.0231792512763975,0.09614071624087592,1.3345968134860693,"(('key', 2),)","(('explicit', 0),)","['explicit,0', 'key,2']"
63,114,"{('key', 7), ('explicit', 0), ((('explicit', 0),)",1,1,12268,91537,0.11392,0.9285947179654386,1.0144474015594116,0.10578551027062276,1.185206421757863,"(('key', 7),)","(('explicit', 0),)","['explicit,0', 'key,7']"
64,116,"{('liveness', 'liveness_0'), ('explicit', 0), ((('explicit', 0),)",1,1,20070,91537,0.18628,0.9281514698555058,1.013963173203738,0.17289605580468362,1.1778946438000384,"(('liveness', 'liveness_0'),)","(('explicit', 0),)","['liveness,liveness_0', 'explicit,0']"
65,117,"{('explicit', 0), ('liveness', 'liveness_0'), ((('liveness', 'liveness_0'),)",1,1,91537,20070,0.18628,0.20350240886199022,1.013963173203738,0.03790842872281154,1.003518413476264,"(('explicit', 0),)","(('liveness', 'liveness_0'),)","['explicit,0', 'liveness,liveness_0']"
66,118,"{('liveness', 'liveness_1'), ('explicit', 0), ((('explicit', 0),)",1,1,20161,91537,0.18637,0.9244085114825653,1.0098741617953018,0.1722820142850057,1.1195704773151827,"(('liveness', 'liveness_1'),)","(('explicit', 0),)","['explicit,0', 'liveness,liveness_1']"
67,120,"{('liveness', 'liveness_2'), ('explicit', 0), ((('explicit', 0),)",1,1,19903,91537,0.18413,0.9251369140330603,1.0106699083791912,0.1703454599809074,1.1304636694633425,"(('liveness', 'liveness_2'),)","(('explicit', 0),)","['explicit,0', 'liveness,liveness_2']"
68,122,"{('liveness', 'liveness_3'), ('explicit', 0), ((('explicit', 0),)",1,1,19821,91537,0.18004,0.9083295494677363,0.9923086287159687,0.16353565208617124,0.9231982452951499,"(('liveness', 'liveness_3'),)","(('explicit', 0),)","['explicit,0', 'liveness,liveness_3']"
69,124,"{('liveness', 'liveness_4'), ('explicit', 0), ((('explicit', 0),)",1,1,20045,91537,0.17855,0.8907458219007234,0.9730992078620921,0.15904266650037416,0.7746156778414742,"(('liveness', 'liveness_4'),)","(('explicit', 0),)","['explicit,0', 'liveness,liveness_4']"
70,126,"{('loudness', 'loudness_0'), ('explicit', 0), ((('explicit', 0),)",1,1,19989,91537,0.18856,0.9433188253539446,1.0305328177173654,0.1778721977087398,1.4930882966943126,"(('loudness', 'loudness_0'),)","(('explicit', 0),)","['explicit,0', 'loudness,loudness_0']"
71,128,"{('loudness', 'loudness_1'), ('explicit', 0), ((('explicit', 0),)",1,1,20035,91537,0.19576,0.9770900923384078,1.0674263875136913,0.19127515647616672,3.6940348060784642,"(('loudness', 'loudness_1'),)","(('explicit', 0),)","['explicit,0', 'loudness,loudness_1']"
72,130,"{('loudness', 'loudness_2'), ('explicit', 0), ((('explicit', 0),)",1,1,19943,91537,0.19102,0.9578298149726722,1.0463854124263108,0.18296465125607983,2.006868073694449,"(('loudness', 'loudness_2'),)","(('explicit', 0),)","['explicit,0', 'loudness,loudness_2']"
73,132,"{('loudness', 'loudness_3'), ('explicit', 0), ((('explicit', 0),)",1,1,20074,91537,0.17747,0.884078908040251,0.9658159083651977,0.15689748380990334,0.7300655802942254,"(('loudness', 'loudness_3'),)","(('explicit', 0),)","['explicit,0', 'loudness,loudness_3']"
74,134,"{('loudness', 'loudness_4'), ('explicit', 0), ((('explicit', 0),)",1,1,19959,91537,0.16256,0.814469662808758,0.8897709809243891,0.13240018838619172,0.4561518122861642,"(('loudness', 'loudness_4'),)","(('explicit', 0),)","['explicit,0', 'loudness,loudness_4']"
75,136,"{('mode', 0), ('explicit', 0), ((('explicit', 0),)",1,1,28910,91537,0.25397,0.8784849533033552,0.9597047678024789,0.2231088235904531,0.696456954131918,"(('mode', 0),)","(('explicit', 0),)","['explicit,0', 'mode,0']"
76,138,"{('mode', 1), ('explicit', 0), ((('explicit', 0),)",1,1,71090,91537,0.6614,0.9303699535799691,1.0163867655483236,0.6153466872977915,1.2154235583021298,"(('mode', 1),)","(('explicit', 0),)","['explicit,0', 'mode,1']"
77,140,"{('popularity', 'popularity_0'), ('explicit', 0), ((('explicit', 0),)",1,1,20102,91537,0.18899,0.9401552084369714,1.027076710441648,0.17767993284250322,1.414158130983036,"(('popularity', 'popularity_0'),)","(('explicit', 0),)","['explicit,0', 'popularity,popularity_0']"
78,142,"{('popularity', 'popularity_1'), ('explicit', 0), ((('explicit', 0),)",1,1,20579,91537,0.20492,0.9957723893289275,1.087835945387032,0.20405367802128382,20.018394920016597,"(('popularity', 'popularity_1'),)","(('explicit', 0),)","['explicit,0', 'popularity,popularity_1']"
79,144,"{('popularity', 'popularity_2'), ('explicit', 0), ((('explicit', 0),)",1,1,19308,91537,0.18489,0.9575823492852703,1.046115067442969,0.1770474005593536,1.9951599529639188,"(('popularity', 'popularity_2'),)","(('explicit', 0),)","['explicit,0', 'popularity,popularity_2']"
80,146,"{('popularity', 'popularity_3'), ('explicit', 0), ((('explicit', 0),)",1,1,20314,91537,0.18196,0.895736930195924,0.9785517661666038,0.16298829181845034,0.8116967910817714,"(('popularity', 'popularity_3'),)","(('explicit', 0),)","['explicit,0', 'popularity,popularity_3']"
81,148,"{('popularity', 'popularity_4'), ('explicit', 0), ((('explicit', 0),)",1,1,19697,91537,0.15461,0.784941869320201,0.8575132124935283,0.12135986241559628,0.39352150666874564,"(('popularity', 'popularity_4'),)","(('explicit', 0),)","['explicit,0', 'popularity,popularity_4']"
82,150,"{('speechiness', 'speechiness_0'), ('explicit', 0), ((('explicit', 0),)",1,1,20433,91537,0.20212,0.9891841628737826,1.0806386082936763,0.19993390300004893,7.824636335381041,"(('speechiness', 'speechiness_0'),)","(('explicit', 0),)","['explicit,0', 'speechiness,speechiness_0']"
83,152,"{('speechiness', 'speechiness_1'), ('explicit', 0), ((('explicit', 0),)",1,1,19650,91537,0.19312,0.9827989821882952,1.0736630894483052,0.18979813944020357,4.920057406274778,"(('speechiness', 'speechiness_1'),)","(('explicit', 0),)","['explicit,0', 'speechiness,speechiness_1']"
84,154,"{('speechiness', 'speechiness_2'), ('explicit', 0), ((('explicit', 0),)",1,1,20012,91537,0.19423,0.9705676594043574,1.060300926843088,0.18851335648610834,2.875408323357096,"(('speechiness', 'speechiness_2'),)","(('explicit', 0),)","['explicit,0', 'speechiness,speechiness_2']"
85,156,"{('speechiness', 'speechiness_3'), ('explicit', 0), ((('explicit', 0),)",1,1,19966,91537,0.18769,0.9400480817389563,1.0269596794071865,0.1764376244615847,1.4116312045241204,"(('speechiness', 'speechiness_3'),)","(('explicit', 0),)","['explicit,0', 'speechiness,speechiness_3']"
86,158,"{('speechiness', 'speechiness_4'), ('explicit', 0), ((('explicit', 0),)",1,1,19939,91537,0.13821,0.6931641506595115,0.757250238329322,0.09580221726265109,0.27581522793405033,"(('speechiness', 'speechiness_4'),)","(('explicit', 0),)","['explicit,0', 'speechiness,speechiness_4']"
87,160,"{('tempo', 'tempo_0'), ('explicit', 0), ((('explicit', 0),)",1,1,19992,91537,0.18342,0.9174669867947179,1.002290862486992,0.16828179471788715,1.0254078421212407,"(('tempo', 'tempo_0'),)","(('explicit', 0),)","['tempo,tempo_0', 'explicit,0']"
88,161,"{('explicit', 0), ('tempo', 'tempo_0'), ((('tempo', 'tempo_0'),)",1,1,91537,19992,0.18342,0.20037798922839944,1.002290862486992,0.03675333078427303,1.0005727559042363,"(('explicit', 0),)","(('tempo', 'tempo_0'),)","['explicit,0', 'tempo,tempo_0']"
89,162,"{('tempo', 'tempo_1'), ('explicit', 0), ((('explicit', 0),)",1,1,20044,91537,0.17854,0.8907403711833966,0.9730932532018709,0.15903278587108363,0.7745770340065653,"(('tempo', 'tempo_1'),)","(('explicit', 0),)","['tempo,tempo_1', 'explicit,0']"
90,163,"{('explicit', 0), ('tempo', 'tempo_1'), ((('tempo', 'tempo_1'),)",1,1,91537,20044,0.17854,0.195046811671783,0.9730932532018709,0.03482365775588014,0.9932999963231179,"(('explicit', 0),)","(('tempo', 'tempo_1'),)","['explicit,0', 'tempo,tempo_1']"
91,164,"{('tempo', 'tempo_2'), ('explicit', 0), ((('explicit', 0),)",1,1,20063,91537,0.18968,0.9454219209490106,1.032830353790282,0.1793276299656083,1.5506225195341172,"(('tempo', 'tempo_2'),)","(('explicit', 0),)","['tempo,tempo_2', 'explicit,0']"
92,165,"{('explicit', 0), ('tempo', 'tempo_2'), ((('tempo', 'tempo_2'),)",1,1,91537,20063,0.18968,0.20721675388094432,1.032830353790282,0.039304873876137514,1.0083083906034598,"(('explicit', 0),)","(('tempo', 'tempo_2'),)","['explicit,0', 'tempo,tempo_2']"
93,166,"{('tempo', 'tempo_3'), ('explicit', 0), ((('explicit', 0),)",1,1,19944,91537,0.18477,0.9264440433212996,1.012097887544162,0.1711790658844765,1.15055262239494,"(('tempo', 'tempo_3'),)","(('explicit', 0),)","['explicit,0', 'tempo,tempo_3']"
94,168,"{('tempo', 'tempo_4'), ('explicit', 0), ((('explicit', 0),)",1,1,19957,91537,0.17896,0.8967279651250188,0.979634426652631,0.16047843663877337,0.8194861201579409,"(('tempo', 'tempo_4'),)","(('explicit', 0),)","['explicit,0', 'tempo,tempo_4']"
95,170,"{('valence', 'valence_0'), ('explicit', 0), ((('explicit', 0),)",1,1,19940,91537,0.18617,0.9336509528585757,1.0199711077035252,0.17381779789368104,1.2755269649024876,"(('valence', 'valence_0'),)","(('explicit', 0),)","['explicit,0', 'valence,valence_0']"
96,172,"{('valence', 'valence_1'), ('explicit', 0), ((('explicit', 0),)",1,1,19972,91537,0.17995,0.9010114159823753,0.9843139014632064,0.16213700430602843,0.8549470626833571,"(('valence', 'valence_1'),)","(('explicit', 0),)","['explicit,0', 'valence,valence_1']"
97,174,"{('valence', 'valence_2'), ('explicit', 0), ((('explicit', 0),)",1,1,19945,91537,0.17559,0.880371020305841,0.9617652100307428,0.15458434745550262,0.7074372740528763,"(('valence', 'valence_2'),)","(('explicit', 0),)","['explicit,0', 'valence,valence_2']"
98,176,"{('valence', 'valence_3'), ('explicit', 0), ((('explicit', 0),)",1,1,19888,91537,0.17948,0.9024537409493162,0.9858895757445799,0.16197239742558328,0.8675883622398982,"(('valence', 'valence_3'),)","(('explicit', 0),)","['explicit,0', 'valence,valence_3']"
99,178,"{('valence', 'valence_4'), ('explicit', 0), ((('explicit', 0),)",1,1,20255,91537,0.19418,0.9586768699086645,1.0473107813328648,0.18615587459886446,2.0480055059948,"(('valence', 'valence_4'),)","(('explicit', 0),)","['explicit,0', 'valence,valence_4']"
100,180,"{('year', 'year_0'), ('explicit', 0), ((('explicit', 0),)",1,1,20084,91537,0.18885,0.940300736904999,1.0272356936593934,0.17757579416450905,1.4176054141191108,"(('year', 'year_0'),)","(('explicit', 0),)","['explicit,0', 'year,year_0']"
101,182,"{('year', 'year_1'), ('explicit', 0), ((('explicit', 0),)",1,1,20009,91537,0.20001,0.9996001799190364,1.0920176321258468,0.19993003198560647,211.6696793376449,"(('year', 'year_1'),)","(('explicit', 0),)","['year,year_1', 'explicit,0']"
102,183,"{('explicit', 0), ('year', 'year_1'), ((('year', 'year_1'),)",1,1,91537,20009,0.20001,0.2185018080120607,1.0920176321258468,0.043702546620492264,1.0235596283871955,"(('explicit', 0),)","(('year', 'year_1'),)","['explicit,0', 'year,year_1']"
103,184,"{('year', 'year_2'), ('explicit', 0), ((('explicit', 0),)",1,1,20028,91537,0.19844,0.9908128619932095,1.0824178878412112,0.1966169043339325,9.211790519055754,"(('year', 'year_2'),)","(('explicit', 0),)","['explicit,0', 'year,year_2']"
104,186,"{('year', 'year_3'), ('explicit', 0), ((('explicit', 0),)",1,1,20017,91537,0.17814,0.8899435479842134,0.9722227601780846,0.15853454363790775,0.7689689943747375,"(('year', 'year_3'),)","(('explicit', 0),)","['explicit,0', 'year,year_3']"
105,188,"{('year', 'year_4'), ('explicit', 0), ((('explicit', 0),)",1,1,19862,91537,0.14993,0.7548585238143188,0.8246485288072788,0.11317593847548083,0.345229216090174,"(('year', 'year_4'),)","(('explicit', 0),)","['year,year_4', 'explicit,0']"
106,189,"{('explicit', 0), ('year', 'year_4'), ((('year', 'year_4'),)",1,1,91537,19862,0.14993,0.16379169079170172,0.8246485288072788,0.02455728820039984,0.9583497200600379,"(('explicit', 0),)","(('year', 'year_4'),)","['explicit,0', 'year,year_4']"
107,190,"{('loudness', 'loudness_4'), ('instrumentalness', 'instrumentalness_0'), ((('instrumentalness', 'instrumentalness_0'),)",1,1,19959,40275,0.11862,0.5943183526228769,1.4756507824279999,0.07049804298812566,1.4722135013728654,"(('loudness', 'loudness_4'),)","(('instrumentalness', 'instrumentalness_0'),)","['instrumentalness,instrumentalness_0', 'loudness,loudness_4']"
108,192,"{('mode', 0), ('instrumentalness', 'instrumentalness_0'), ((('instrumentalness', 'instrumentalness_0'),)",1,1,28910,40275,0.10934,0.3782082324455206,0.939064512589747,0.041353288135593226,0.9605305669910472,"(('mode', 0),)","(('instrumentalness', 'instrumentalness_0'),)","['mode,0', 'instrumentalness,instrumentalness_0']"
109,194,"{('mode', 1), ('instrumentalness', 'instrumentalness_0'), ((('instrumentalness', 'instrumentalness_0'),)",1,1,71090,40275,0.29341,0.4127303418202279,1.0247804886908203,0.12109920959347306,1.0169944771779413,"(('mode', 1),)","(('instrumentalness', 'instrumentalness_0'),)","['instrumentalness,instrumentalness_0', 'mode,1']"
110,196,"{('popularity', 'popularity_4'), ('instrumentalness', 'instrumentalness_0'), ((('instrumentalness', 'instrumentalness_0'),)",1,1,19697,40275,0.11473,0.5824744885007869,1.446243298574269,0.06682729806569528,1.4304515104358457,"(('popularity', 'popularity_4'),)","(('instrumentalness', 'instrumentalness_0'),)","['popularity,popularity_4', 'instrumentalness,instrumentalness_0']"
111,198,"{('speechiness', 'speechiness_4'), ('instrumentalness', 'instrumentalness_0'), ((('instrumentalness', 'instrumentalness_0'),)",1,1,19939,40275,0.11383,0.5708912182155574,1.41748285093869,0.0649845473694769,1.391838209706421,"(('speechiness', 'speechiness_4'),)","(('instrumentalness', 'instrumentalness_0'),)","['instrumentalness,instrumentalness_0', 'speechiness,speechiness_4']"
112,199,"{('instrumentalness', 'instrumentalness_0'), ('speechiness', 'speechiness_4'), ((('speechiness', 'speechiness_4'),)",1,1,40275,19939,0.11383,0.2826319056486654,1.41748285093869,0.03217198981998758,1.1160379241676444,"(('instrumentalness', 'instrumentalness_0'),)","(('speechiness', 'speechiness_4'),)","['speechiness,speechiness_4', 'instrumentalness,instrumentalness_0']"
113,200,"{('year', 'year_4'), ('instrumentalness', 'instrumentalness_0'), ((('instrumentalness', 'instrumentalness_0'),)",1,1,19862,40275,0.12152,0.6118215688248918,1.5191100405335611,0.07434855704360085,1.5385965589416857,"(('year', 'year_4'),)","(('instrumentalness', 'instrumentalness_0'),)","['year,year_4', 'instrumentalness,instrumentalness_0']"
114,202,"{('mode', 1), ('instrumentalness', 'instrumentalness_1'), ((('instrumentalness', 'instrumentalness_1'),)",1,1,71090,20020,0.14399,0.20254606836404557,1.011718623197031,0.029164608383738924,1.0029419471997472,"(('mode', 1),)","(('instrumentalness', 'instrumentalness_1'),)","['mode,1', 'instrumentalness,instrumentalness_1']"
115,204,"{('mode', 1), ('instrumentalness', 'instrumentalness_2'), ((('instrumentalness', 'instrumentalness_2'),)",1,1,71090,19774,0.13768,0.1936699957799972,0.9794173954687831,0.026664485018990013,0.9949524323866724,"(('mode', 1),)","(('instrumentalness', 'instrumentalness_2'),)","['instrumentalness,instrumentalness_2', 'mode,1']"
116,206,"{('mode', 1), ('instrumentalness', 'instrumentalness_3'), ((('instrumentalness', 'instrumentalness_3'),)",1,1,71090,19931,0.13582,0.19105359403572936,0.9585750541153446,0.02594889914193276,0.9897936292278566,"(('mode', 1),)","(('instrumentalness', 'instrumentalness_3'),)","['instrumentalness,instrumentalness_3', 'mode,1']"
117,208,"{('mode', 1), ('key', 0), ((('key', 0),)",1,1,71090,12692,0.10306,0.14497116331410886,1.142224734589575,0.01494072809115206,1.0211117584793559,"(('mode', 1),)","(('key', 0),)","['mode,1', 'key,0']"
118,210,"{('mode', 1), ('liveness', 'liveness_0'), ((('liveness', 'liveness_0'),)",1,1,71090,20070,0.14267,0.20068926712617807,0.9999465228010865,0.028632337740891824,0.9999865710876046,"(('mode', 1),)","(('liveness', 'liveness_0'),)","['liveness,liveness_0', 'mode,1']"
119,212,"{('mode', 1), ('liveness', 'liveness_1'), ((('liveness', 'liveness_1'),)",1,1,71090,20161,0.14267,0.20068926712617807,0.9954330991824715,0.028632337740891824,0.9988480901922089,"(('mode', 1),)","(('liveness', 'liveness_1'),)","['mode,1', 'liveness,liveness_1']"
120,214,"{('mode', 1), ('liveness', 'liveness_2'), ((('liveness', 'liveness_2'),)",1,1,71090,19903,0.14128,0.19873399915599943,0.9985127827764629,0.028077139400759597,0.9996305822993621,"(('mode', 1),)","(('liveness', 'liveness_2'),)","['liveness,liveness_2', 'mode,1']"
121,216,"{('mode', 1), ('liveness', 'liveness_3'), ((('liveness', 'liveness_3'),)",1,1,71090,19821,0.14261,0.20060486706991137,1.012082473487268,0.02860826009284006,1.0029958476956664,"(('mode', 1),)","(('liveness', 'liveness_3'),)","['mode,1', 'liveness,liveness_3']"
122,217,"{('liveness', 'liveness_3'), ('mode', 1), ((('mode', 1),)",1,1,19821,71090,0.14261,0.7194894304020988,1.012082473487268,0.10260638766964329,1.0306206977647603,"(('liveness', 'liveness_3'),)","(('mode', 1),)","['liveness,liveness_3', 'mode,1']"
123,218,"{('mode', 1), ('liveness', 'liveness_4'), ((('liveness', 'liveness_4'),)",1,1,71090,20045,0.14167,0.19928259952173302,0.9941761013805587,0.028232365874243916,0.998542055566531,"(('mode', 1),)","(('liveness', 'liveness_4'),)","['mode,1', 'liveness,liveness_4']"
124,220,"{('mode', 1), ('loudness', 'loudness_0'), ((('loudness', 'loudness_0'),)",1,1,71090,19989,0.14125,0.19869179912786608,0.9940056987736559,0.028065216626811083,0.9985046928643254,"(('mode', 1),)","(('loudness', 'loudness_0'),)","['loudness,loudness_0', 'mode,1']"
125,222,"{('mode', 1), ('loudness', 'loudness_1'), ((('loudness', 'loudness_1'),)",1,1,71090,20035,0.14712,0.20694893796595865,1.0329370499923067,0.030446327753551838,1.0083209483897702,"(('mode', 1),)","(('loudness', 'loudness_1'),)","['mode,1', 'loudness,loudness_1']"
126,224,"{('mode', 1), ('loudness', 'loudness_2'), ((('loudness', 'loudness_2'),)",1,1,71090,19943,0.14499,0.20395273596849064,1.0226783130346018,0.02957110718807146,1.0056814904932958,"(('mode', 1),)","(('loudness', 'loudness_2'),)","['mode,1', 'loudness,loudness_2']"
127,226,"{('mode', 1), ('loudness', 'loudness_3'), ((('loudness', 'loudness_3'),)",1,1,71090,20074,0.14243,0.20035166690111128,0.9980654921844738,0.02853608791672528,0.9995143689015168,"(('mode', 1),)","(('loudness', 'loudness_3'),)","['loudness,loudness_3', 'mode,1']"
128,228,"{('mode', 1), ('loudness', 'loudness_4'), ((('loudness', 'loudness_4'),)",1,1,71090,19959,0.13511,0.19005486003657335,0.9522263642295373,0.025678312139541425,0.9882274237091113,"(('mode', 1),)","(('loudness', 'loudness_4'),)","['mode,1', 'loudness,loudness_4']"
129,230,"{('year', 'year_4'), ('loudness', 'loudness_4'), ((('loudness', 'loudness_4'),)",1,1,19862,19959,0.10686,0.5380122847648776,2.695587377949184,0.05749199274997482,1.7325352425445057,"(('year', 'year_4'),)","(('loudness', 'loudness_4'),)","['year,year_4', 'loudness,loudness_4']"
130,232,"{('popularity', 'popularity_0'), ('mode', 1), ((('mode', 1),)",1,1,20102,71090,0.14304,0.7115709879613968,1.0009438570282696,0.1017831141179982,1.0023263504400197,"(('popularity', 'popularity_0'),)","(('mode', 1),)","['popularity,popularity_0', 'mode,1']"
131,234,"{('popularity', 'popularity_1'), ('mode', 1), ((('mode', 1),)",1,1,20579,71090,0.15224,0.7397832742115749,1.040629166143726,0.11262460566597014,1.1109969891945457,"(('popularity', 'popularity_1'),)","(('mode', 1),)","['popularity,popularity_1', 'mode,1']"
132,236,"{('popularity', 'popularity_2'), ('mode', 1), ((('mode', 1),)",1,1,19308,71090,0.14038,0.7270561425315931,1.0227263223119893,0.10206414128858504,1.0591921782825648,"(('popularity', 'popularity_2'),)","(('mode', 1),)","['mode,1', 'popularity,popularity_2']"
133,238,"{('popularity', 'popularity_3'), ('mode', 1), ((('mode', 1),)",1,1,20314,71090,0.14334,0.7056217387023728,0.9925752408248315,0.10114382002559812,0.9820697959950225,"(('popularity', 'popularity_3'),)","(('mode', 1),)","['mode,1', 'popularity,popularity_3']"
134,240,"{('popularity', 'popularity_4'), ('mode', 1), ((('mode', 1),)",1,1,19697,71090,0.1319,0.6696451236228868,0.9419681018749285,0.08832619180585875,0.8751195147937254,"(('popularity', 'popularity_4'),)","(('mode', 1),)","['popularity,popularity_4', 'mode,1']"
135,242,"{('speechiness', 'speechiness_0'), ('mode', 1), ((('mode', 1),)",1,1,20433,71090,0.1611,0.7884304801057114,1.109059614721777,0.1270161503450301,1.3664539144296202,"(('speechiness', 'speechiness_0'),)","(('mode', 1),)","['speechiness,speechiness_0', 'mode,1']"
136,244,"{('speechiness', 'speechiness_1'), ('mode', 1), ((('mode', 1),)",1,1,19650,71090,0.1422,0.7236641221374046,1.017954877109867,0.10290503816793893,1.0461906039488684,"(('speechiness', 'speechiness_1'),)","(('mode', 1),)","['speechiness,speechiness_1', 'mode,1']"
137,246,"{('speechiness', 'speechiness_2'), ('mode', 1), ((('mode', 1),)",1,1,20012,71090,0.14026,0.7008794723166101,0.9859044483283302,0.09830535478712772,0.9665000301801541,"(('speechiness', 'speechiness_2'),)","(('mode', 1),)","['mode,1', 'speechiness,speechiness_2']"
138,248,"{('speechiness', 'speechiness_3'), ('mode', 1), ((('mode', 1),)",1,1,19966,71090,0.13839,0.6931283181408394,0.9750011508522148,0.09592202794751077,0.9420875764958837,"(('speechiness', 'speechiness_3'),)","(('mode', 1),)","['speechiness,speechiness_3', 'mode,1']"
139,250,"{('speechiness', 'speechiness_4'), ('mode', 1), ((('mode', 1),)",1,1,19939,71090,0.12895,0.6467225036360901,0.9097235949304968,0.08339486684387382,0.8183368659402586,"(('speechiness', 'speechiness_4'),)","(('mode', 1),)","['speechiness,speechiness_4', 'mode,1']"
140,252,"{('tempo', 'tempo_0'), ('mode', 1), ((('mode', 1),)",1,1,19992,71090,0.1421,0.7107843137254902,0.9998372678653682,0.10100245098039216,0.999599996543756,"(('tempo', 'tempo_0'),)","(('mode', 1),)","['tempo,tempo_0', 'mode,1']"
141,254,"{('tempo', 'tempo_1'), ('mode', 1), ((('mode', 1),)",1,1,20044,71090,0.13965,0.696717222111355,0.9800495458030032,0.09729656006785073,0.9532357922180197,"(('tempo', 'tempo_1'),)","(('mode', 1),)","['tempo,tempo_1', 'mode,1']"
142,256,"{('tempo', 'tempo_2'), ('mode', 1), ((('mode', 1),)",1,1,20063,71090,0.14344,0.7149479140706774,1.0056940695887993,0.10255212879429797,1.0142006084371558,"(('tempo', 'tempo_2'),)","(('mode', 1),)","['tempo,tempo_2', 'mode,1']"
143,258,"{('tempo', 'tempo_3'), ('mode', 1), ((('mode', 1),)",1,1,19944,71090,0.14173,0.7106397914159647,0.999633973014439,0.10071897763738467,0.999100741652042,"(('tempo', 'tempo_3'),)","(('mode', 1),)","['mode,1', 'tempo,tempo_3']"
144,260,"{('tempo', 'tempo_4'), ('mode', 1), ((('mode', 1),)",1,1,19957,71090,0.14398,0.7214511199078018,1.0148419185649202,0.10387453224432529,1.0378788773677012,"(('tempo', 'tempo_4'),)","(('mode', 1),)","['mode,1', 'tempo,tempo_4']"
145,262,"{('valence', 'valence_0'), ('mode', 1), ((('mode', 1),)",1,1,19940,71090,0.14064,0.7053159478435306,0.9921450947299628,0.09919563490471413,0.9810507114427924,"(('valence', 'valence_0'),)","(('mode', 1),)","['mode,1', 'valence,valence_0']"
146,264,"{('valence', 'valence_1'), ('mode', 1), ((('mode', 1),)",1,1,19972,71090,0.14259,0.7139495293410775,1.0042896741328984,0.10180206338874423,1.0106608051487977,"(('valence', 'valence_1'),)","(('mode', 1),)","['mode,1', 'valence,valence_1']"
147,266,"{('valence', 'valence_2'), ('mode', 1), ((('mode', 1),)",1,1,19945,71090,0.13968,0.7003258962145901,0.985125750759024,0.09782152118325393,0.9647146529628183,"(('valence', 'valence_2'),)","(('mode', 1),)","['valence,valence_2', 'mode,1']"
148,268,"{('valence', 'valence_3'), ('mode', 1), ((('mode', 1),)",1,1,19888,71090,0.13894,0.6986122284794851,0.9827151898712689,0.09706518302493967,0.9592293595133211,"(('valence', 'valence_3'),)","(('mode', 1),)","['valence,valence_3', 'mode,1']"
149,270,"{('valence', 'valence_4'), ('mode', 1), ((('mode', 1),)",1,1,20255,71090,0.14905,0.7358676869908665,1.0351212364479763,0.10968107874598863,1.0945271921178228,"(('valence', 'valence_4'),)","(('mode', 1),)","['mode,1', 'valence,valence_4']"
150,272,"{('year', 'year_0'), ('mode', 1), ((('mode', 1),)",1,1,20084,71090,0.14274,0.7107149970125473,0.9997397622908248,0.101447458673571,0.9993604784731227,"(('year', 'year_0'),)","(('mode', 1),)","['mode,1', 'year,year_0']"
151,274,"{('year', 'year_1'), ('mode', 1), ((('mode', 1),)",1,1,20009,71090,0.1476,0.73766804937778,1.0376537478939092,0.10887980408816032,1.1020388412934472,"(('year', 'year_1'),)","(('mode', 1),)","['year,year_1', 'mode,1']"
152,276,"{('year', 'year_2'), ('mode', 1), ((('mode', 1),)",1,1,20028,71090,0.14633,0.7306271220291591,1.0277495034873527,0.10691266676652685,1.0732335085273916,"(('year', 'year_2'),)","(('mode', 1),)","['mode,1', 'year,year_2']"
153,278,"{('year', 'year_3'), ('mode', 1), ((('mode', 1),)",1,1,20017,71090,0.14268,0.7127941249937553,1.0026644042674853,0.101701465754109,1.0065950043226626,"(('year', 'year_3'),)","(('mode', 1),)","['mode,1', 'year,year_3']"
154,280,"{('year', 'year_4'), ('mode', 1), ((('mode', 1),)",1,1,19862,71090,0.13155,0.6623200080555836,0.9316640991075869,0.08712819705971202,0.8561360046213549,"(('year', 'year_4'),)","(('mode', 1),)","['year,year_4', 'mode,1']"
155,282,"{('year', 'year_0'), ('popularity', 'popularity_0'), ((('popularity', 'popularity_0'),)",1,1,20084,20102,0.17607,0.8766679944234216,4.361098370427926,0.15435493377813184,6.478285906293944,"(('year', 'year_0'),)","(('popularity', 'popularity_0'),)","['popularity,popularity_0', 'year,year_0']"
156,284,"{('year', 'year_1'), ('popularity', 'popularity_1'), ((('popularity', 'popularity_1'),)",1,1,20009,20579,0.12549,0.6271677745014743,3.0476105471668897,0.07870328402219001,2.1302074862435223,"(('year', 'year_1'),)","(('popularity', 'popularity_1'),)","['year,year_1', 'popularity,popularity_1']"
157,286,"{('year', 'year_4'), ('popularity', 'popularity_4'), ((('popularity', 'popularity_4'),)",1,1,19862,19697,0.1297,0.6530057396032625,3.3152548083630125,0.08469484442654315,2.314245765240053,"(('year', 'year_4'),)","(('popularity', 'popularity_4'),)","['year,year_4', 'popularity,popularity_4']"
158,288,"{('explicit', 0), ('mode', 1), ('acousticness', 'acousticness_0'), ((('acousticness', 'acousticness_0'),)",2,1,66140,20025,0.11308,0.17097066827940732,0.8537861087610853,0.01933336316903538,0.9646823923292221,"(('explicit', 0), ('mode', 1))","(('acousticness', 'acousticness_0'),)","['explicit,0', 'mode,1', 'acousticness,acousticness_0']"
159,289,"{('acousticness', 'acousticness_0'), ('mode', 1), ('explicit', 0), ((('explicit', 0),)",2,1,13331,91537,0.11308,0.8482484434776085,0.9266727590784148,0.09591993398844798,0.5576878509962742,"(('acousticness', 'acousticness_0'), ('mode', 1))","(('explicit', 0),)","['explicit,0', 'acousticness,acousticness_0', 'mode,1']"
160,291,"{('mode', 1), ('acousticness', 'acousticness_0'), ('explicit', 0), ((('acousticness', 'acousticness_0'), ('explicit', 0)}",1,2,71090,16697,0.11308,0.15906597271064848,0.9526619914394711,0.01798718019412013,0.9906008937402259,"(('mode', 1),)","(('acousticness', 'acousticness_0'), ('explicit', 0))","['acousticness,acousticness_0', 'explicit,0', 'mode,1']"
161,294,"{('explicit', 0), ('mode', 1), ('acousticness', 'acousticness_1'), ((('acousticness', 'acousticness_1'),)",2,1,66140,19951,0.1201,0.181584517689749,0.9101524619805975,0.021808300574538857,0.9780973311529401,"(('explicit', 0), ('mode', 1))","(('acousticness', 'acousticness_1'),)","['explicit,0', 'acousticness,acousticness_1', 'mode,1']"
162,300,"{('explicit', 0), ('mode', 1), ('acousticness', 'acousticness_2'), ((('acousticness', 'acousticness_2'),)",2,1,66140,19999,0.13816,0.2088902328394315,1.044503389366626,0.02886027456909586,1.0112503121534269,"(('explicit', 0), ('mode', 1))","(('acousticness', 'acousticness_2'),)","['explicit,0', 'mode,1', 'acousticness,acousticness_2']"
163,301,"{('acousticness', 'acousticness_2'), ('mode', 1), ('explicit', 0), ((('explicit', 0),)",2,1,14597,91537,0.13816,0.9464958553127355,1.0340035781298662,0.13076786737000753,1.5817465901552432,"(('acousticness', 'acousticness_2'), ('mode', 1))","(('explicit', 0),)","['acousticness,acousticness_2', 'explicit,0', 'mode,1']"
164,306,"{('explicit', 0), ('mode', 1), ('acousticness', 'acousticness_3'), ((('acousticness', 'acousticness_3'),)",2,1,66140,20250,0.14899,0.22526459026307832,1.112417729694214,0.03356217130329604,1.0293836953204771,"(('explicit', 0), ('mode', 1))","(('acousticness', 'acousticness_3'),)","['explicit,0', 'mode,1', 'acousticness,acousticness_3']"
165,312,"{('energy', 'energy_0'), ('explicit', 0), ('acousticness', 'acousticness_4'), ((('acousticness', 'acousticness_4'),)",2,1,19122,19775,0.1187,0.6207509674720217,3.1390693677472656,0.07368313983892898,2.1153646524476,"(('energy', 'energy_0'), ('explicit', 0))","(('acousticness', 'acousticness_4'),)","['explicit,0', 'energy,energy_0', 'acousticness,acousticness_4']"
166,318,"{('explicit', 0), ('loudness', 'loudness_0'), ('acousticness', 'acousticness_4'), ((('acousticness', 'acousticness_4'),)",2,1,18856,19775,0.10101,0.5356915570640645,2.70893328477403,0.05411020417904115,1.7278384885688036,"(('explicit', 0), ('loudness', 'loudness_0'))","(('acousticness', 'acousticness_4'),)","['explicit,0', 'loudness,loudness_0', 'acousticness,acousticness_4']"
167,324,"{('explicit', 0), ('mode', 1), ('acousticness', 'acousticness_4'), ((('acousticness', 'acousticness_4'),)",2,1,66140,19775,0.14107,0.21328999092833384,1.0785840249220422,0.030088819020260053,1.0197531361357894,"(('explicit', 0), ('mode', 1))","(('acousticness', 'acousticness_4'),)","['explicit,0', 'mode,1', 'acousticness,acousticness_4']"
168,330,"{('explicit', 0), ('popularity', 'popularity_0'), ('acousticness', 'acousticness_4'), ((('acousticness', 'acousticness_4'),)",2,1,18899,19775,0.13072,0.6916768082967353,3.4977335438520116,0.09041599238054923,2.601977467105754,"(('explicit', 0), ('popularity', 'popularity_0'))","(('acousticness', 'acousticness_4'),)","['explicit,0', 'popularity,popularity_0', 'acousticness,acousticness_4']"
169,336,"{('explicit', 0), ('year', 'year_0'), ('acousticness', 'acousticness_4'), ((('acousticness', 'acousticness_4'),)",2,1,18885,19775,0.13055,0.691289383108287,3.4957743772859016,0.09024782896478688,2.598712041324755,"(('explicit', 0), ('year', 'year_0'))","(('acousticness', 'acousticness_4'),)","['explicit,0', 'year,year_0', 'acousticness,acousticness_4']"
170,342,"{('popularity', 'popularity_0'), ('year', 'year_0'), ('acousticness', 'acousticness_4'), ((('acousticness', 'acousticness_4'),)",2,1,17607,19775,0.11822,0.6714374964502755,3.3953855699128974,0.07937734083035157,2.4416967514276657,"(('popularity', 'popularity_0'), ('year', 'year_0'))","(('acousticness', 'acousticness_4'),)","['popularity,popularity_0', 'year,year_0', 'acousticness,acousticness_4']"
171,348,"{('explicit', 0), ('mode', 1), ('danceability', 'danceability_0'), ((('danceability', 'danceability_0'),)",2,1,66140,20023,0.14202,0.214726338070759,1.0723984321568145,0.030495434532809194,1.0184602359089499,"(('explicit', 0), ('mode', 1))","(('danceability', 'danceability_0'),)","['explicit,0', 'danceability,danceability_0', 'mode,1']"
172,354,"{('explicit', 0), ('valence', 'valence_0'), ('danceability', 'danceability_0'), ((('danceability', 'danceability_0'),)",2,1,18617,20023,0.10925,0.5868292420905624,2.930775818261811,0.06411109469839395,1.9356887745662092,"(('explicit', 0), ('valence', 'valence_0'))","(('danceability', 'danceability_0'),)","['explicit,0', 'danceability,danceability_0', 'valence,valence_0']"
173,360,"{('explicit', 0), ('mode', 1), ('danceability', 'danceability_1'), ((('danceability', 'danceability_1'),)",2,1,66140,19947,0.14077,0.21283640762019956,1.0670096135769769,0.029960981100695495,1.0169804685234602,"(('explicit', 0), ('mode', 1))","(('danceability', 'danceability_1'),)","['explicit,0', 'danceability,danceability_1', 'mode,1']"
174,361,"{('danceability', 'danceability_1'), ('mode', 1), ('explicit', 0), ((('explicit', 0),)",2,1,14536,91537,0.14077,0.9684232250963126,1.05795823011057,0.13632493739680793,2.68013429420821,"(('danceability', 'danceability_1'), ('mode', 1))","(('explicit', 0),)","['danceability,danceability_1', 'explicit,0', 'mode,1']"
175,366,"{('explicit', 0), ('mode', 1), ('danceability', 'danceability_2'), ((('danceability', 'danceability_2'),)",2,1,66140,19916,0.13986,0.21146053825219233,1.0617620920475614,0.02957487087995162,1.0155991397175341,"(('explicit', 0), ('mode', 1))","(('danceability', 'danceability_2'),)","['explicit,0', 'mode,1', 'danceability,danceability_2']"
176,367,"{('danceability', 'danceability_2'), ('mode', 1), ('explicit', 0), ((('explicit', 0),)",2,1,14532,91537,0.13986,0.9624277456647399,1.0514084421214809,0.13460514450867053,2.2524599400499112,"(('danceability', 'danceability_2'), ('mode', 1))","(('explicit', 0),)","['explicit,0', 'danceability,danceability_2', 'mode,1']"
177,369,"{('mode', 1), ('danceability', 'danceability_2'), ('explicit', 0), ((('danceability', 'danceability_2'), ('explicit', 0)}",1,2,71090,19004,0.13986,0.19673653115768744,1.035237482412584,0.027515571247714168,1.0083366546707297,"(('mode', 1),)","(('danceability', 'danceability_2'), ('explicit', 0))","['danceability,danceability_2', 'explicit,0', 'mode,1']"
178,372,"{('explicit', 0), ('mode', 1), ('danceability', 'danceability_3'), ((('danceability', 'danceability_3'),)",2,1,66140,20146,0.13215,0.1998034472331418,0.9917772621519995,0.026404025551859688,0.9979298164194034,"(('explicit', 0), ('mode', 1))","(('danceability', 'danceability_3'),)","['explicit,0', 'mode,1', 'danceability,danceability_3']"
179,378,"{('explicit', 0), ('mode', 1), ('danceability', 'danceability_4'), ((('danceability', 'danceability_4'),)",2,1,66140,19968,0.1066,0.16117326882370728,0.8071577965930854,0.017181070456607196,0.9540945338301404,"(('explicit', 0), ('mode', 1))","(('danceability', 'danceability_4'),)","['explicit,0', 'mode,1', 'danceability,danceability_4']"
180,384,"{('explicit', 0), ('mode', 1), ('duration_ms', 'duration_ms_0'), ((('duration_ms', 'duration_ms_0'),)",2,1,66140,19952,0.13594,0.20553371635923798,1.0301409200042,0.027940253401874813,1.0075695035465946,"(('explicit', 0), ('mode', 1))","(('duration_ms', 'duration_ms_0'),)","['explicit,0', 'mode,1', 'duration_ms,duration_ms_0']"
181,385,"{('duration_ms', 'duration_ms_0'), ('mode', 1), ('explicit', 0), ((('explicit', 0),)",2,1,14909,91537,0.13594,0.9117982426722114,0.996098017929593,0.12394985310886043,0.959504681136688,"(('duration_ms', 'duration_ms_0'), ('mode', 1))","(('explicit', 0),)","['explicit,0', 'duration_ms,duration_ms_0', 'mode,1']"
182,390,"{('explicit', 0), ('mode', 1), ('duration_ms', 'duration_ms_1'), ((('duration_ms', 'duration_ms_1'),)",2,1,66140,19952,0.14155,0.21401572422134865,1.072652988278612,0.030293925763531904,1.018442764886798,"(('explicit', 0), ('mode', 1))","(('duration_ms', 'duration_ms_1'),)","['explicit,0', 'duration_ms,duration_ms_1', 'mode,1']"
183,396,"{('explicit', 0), ('mode', 1), ('duration_ms', 'duration_ms_2'), ((('duration_ms', 'duration_ms_2'),)",2,1,66140,19994,0.1326,0.20048382219534322,1.0027199269548024,0.02658415482310251,1.0006801878558058,"(('explicit', 0), ('mode', 1))","(('duration_ms', 'duration_ms_2'),)","['explicit,0', 'mode,1', 'duration_ms,duration_ms_2']"
184,397,"{('duration_ms', 'duration_ms_2'), ('mode', 1), ('explicit', 0), ((('explicit', 0),)",2,1,14260,91537,0.1326,0.9298737727910238,1.0158447106536415,0.12330126227208975,1.2068237827906918,"(('duration_ms', 'duration_ms_2'), ('mode', 1))","(('explicit', 0),)","['explicit,0', 'duration_ms,duration_ms_2', 'mode,1']"
185,402,"{('explicit', 0), ('mode', 1), ('duration_ms', 'duration_ms_3'), ((('duration_ms', 'duration_ms_3'),)",2,1,66140,19995,0.12551,0.18976413667977018,0.9490579478858223,0.023817296794677957,0.9874285195598254,"(('explicit', 0), ('mode', 1))","(('duration_ms', 'duration_ms_3'),)","['explicit,0', 'duration_ms,duration_ms_3', 'mode,1']"
186,408,"{('explicit', 0), ('mode', 1), ('duration_ms', 'duration_ms_4'), ((('duration_ms', 'duration_ms_4'),)",2,1,66140,20107,0.1258,0.19020260054429997,0.9459521586726015,0.023927487148472936,0.9865800996032038,"(('explicit', 0), ('mode', 1))","(('duration_ms', 'duration_ms_4'),)","['explicit,0', 'mode,1', 'duration_ms,duration_ms_4']"
187,414,"{('explicit', 0), ('loudness', 'loudness_0'), ('energy', 'energy_0'), ((('energy', 'energy_0'),)",2,1,18856,19936,0.13534,0.7177556215528214,3.600299064771375,0.09714104582095884,2.836690677660909,"(('explicit', 0), ('loudness', 'loudness_0'))","(('energy', 'energy_0'),)","['explicit,0', 'loudness,loudness_0', 'energy,energy_0']"
188,420,"{('explicit', 0), ('mode', 1), ('energy', 'energy_0'), ((('energy', 'energy_0'),)",2,1,66140,19936,0.1391,0.2103114605382522,1.0549330885747001,0.02925432416087088,1.0138680745346118,"(('explicit', 0), ('mode', 1))","(('energy', 'energy_0'),)","['explicit,0', 'mode,1', 'energy,energy_0']"
189,426,"{('loudness', 'loudness_0'), ('mode', 1), ('energy', 'energy_0'), ((('energy', 'energy_0'),)",2,1,14125,19936,0.10189,0.7213451327433629,3.6183042372760976,0.07349785557522123,2.8732316970059966,"(('loudness', 'loudness_0'), ('mode', 1))","(('energy', 'energy_0'),)","['loudness,loudness_0', 'energy,energy_0', 'mode,1']"
190,427,"{('energy', 'energy_0'), ('mode', 1), ('loudness', 'loudness_0'), ((('loudness', 'loudness_0'),)",2,1,14428,19989,0.10189,0.7061962850013862,3.5329245335003563,0.07195433947879123,2.7232807361897864,"(('energy', 'energy_0'), ('mode', 1))","(('loudness', 'loudness_0'),)","['loudness,loudness_0', 'mode,1', 'energy,energy_0']"
191,432,"{('explicit', 0), ('mode', 1), ('energy', 'energy_1'), ((('energy', 'energy_1'),)",2,1,66140,20146,0.1446,0.21862715452071363,1.0852137125023014,0.03161348654369519,1.0219705017880587,"(('explicit', 0), ('mode', 1))","(('energy', 'energy_1'),)","['explicit,0', 'mode,1', 'energy,energy_1']"
192,438,"{('explicit', 0), ('mode', 1), ('energy', 'energy_2'), ((('energy', 'energy_2'),)",2,1,66140,19966,0.1338,0.20229815542788027,1.013213239646801,0.02706749319625038,1.003307193586832,"(('explicit', 0), ('mode', 1))","(('energy', 'energy_2'),)","['explicit,0', 'mode,1', 'energy,energy_2']"
193,439,"{('energy', 'energy_2'), ('mode', 1), ('explicit', 0), ((('explicit', 0),)",2,1,14268,91537,0.1338,0.9377628259041211,1.0244631415756702,0.1254726661059714,1.3597982213945925,"(('energy', 'energy_2'), ('mode', 1))","(('explicit', 0),)","['energy,energy_2', 'explicit,0', 'mode,1']"
194,444,"{('explicit', 0), ('mode', 1), ('energy', 'energy_3'), ((('energy', 'energy_3'),)",2,1,66140,19866,0.12138,0.18351980647112187,0.9237884147343294,0.022275634109464773,0.9814567522515175,"(('explicit', 0), ('mode', 1))","(('energy', 'energy_3'),)","['explicit,0', 'energy,energy_3', 'mode,1']"
195,450,"{('explicit', 0), ('loudness', 'loudness_4'), ('energy', 'energy_4'), ((('energy', 'energy_4'),)",2,1,16256,20086,0.103,0.6336122047244095,3.154496687864231,0.06526205708661417,2.1811315991510285,"(('explicit', 0), ('loudness', 'loudness_4'))","(('energy', 'energy_4'),)","['explicit,0', 'loudness,loudness_4', 'energy,energy_4']"
196,456,"{('explicit', 0), ('mode', 1), ('energy', 'energy_4'), ((('energy', 'energy_4'),)",2,1,66140,20086,0.12252,0.18524342304203206,0.9222514340437722,0.02269602419110977,0.9808328298531718,"(('explicit', 0), ('mode', 1))","(('energy', 'energy_4'),)","['explicit,0', 'mode,1', 'energy,energy_4']"
197,462,"{('instrumentalness', 'instrumentalness_0'), ('mode', 1), ('explicit', 0), ((('explicit', 0),)",2,1,29341,91537,0.2574,0.8772707133362871,0.9583782659867456,0.22580948161276032,0.6895664564752655,"(('instrumentalness', 'instrumentalness_0'), ('mode', 1))","(('explicit', 0),)","['explicit,0', 'instrumentalness,instrumentalness_0', 'mode,1']"
198,468,"{('instrumentalness', 'instrumentalness_1'), ('mode', 1), ('explicit', 0), ((('explicit', 0),)",2,1,14399,91537,0.13658,0.9485380929231196,1.0362346296285871,0.12955133273143968,1.6445173364650392,"(('instrumentalness', 'instrumentalness_1'), ('mode', 1))","(('explicit', 0),)","['explicit,0', 'mode,1', 'instrumentalness,instrumentalness_1']"
199,474,"{('instrumentalness', 'instrumentalness_2'), ('mode', 1), ('explicit', 0), ((('explicit', 0),)",2,1,13768,91537,0.13309,0.9666618245206275,1.0560339802709588,0.12865302222545033,2.538531165685191,"(('instrumentalness', 'instrumentalness_2'), ('mode', 1))","(('explicit', 0),)","['explicit,0', 'instrumentalness,instrumentalness_2', 'mode,1']"
200,480,"{('instrumentalness', 'instrumentalness_3'), ('mode', 1), ('explicit', 0), ((('explicit', 0),)",2,1,13582,91537,0.13433,0.9890295979973495,1.0804697532116516,0.13285634589898396,7.714392988074613,"(('instrumentalness', 'instrumentalness_3'), ('mode', 1))","(('explicit', 0),)","['instrumentalness,instrumentalness_3', 'explicit,0', 'mode,1']"
201,481,"{('explicit', 0), ('mode', 1), ('instrumentalness', 'instrumentalness_3'), ((('instrumentalness', 'instrumentalness_3'),)",2,1,66140,19931,0.13433,0.20309948593891744,1.0190130246295592,0.02728235394617478,1.0047552798213804,"(('explicit', 0), ('mode', 1))","(('instrumentalness', 'instrumentalness_3'),)","['explicit,0', 'mode,1', 'instrumentalness,instrumentalness_3']"
202,486,"{('liveness', 'liveness_0'), ('mode', 1), ('explicit', 0), ((('explicit', 0),)",2,1,14267,91537,0.13426,0.9410527791406743,1.0280572655217826,0.1263457461274269,1.4356910695802567,"(('liveness', 'liveness_0'), ('mode', 1))","(('explicit', 0),)","['liveness,liveness_0', 'explicit,0', 'mode,1']"
203,487,"{('explicit', 0), ('mode', 1), ('liveness', 'liveness_0'), ((('liveness', 'liveness_0'),)",2,1,66140,20070,0.13426,0.20299364983368612,1.011428250292407,0.027253927426670696,1.0028778300578531,"(('explicit', 0), ('mode', 1))","(('liveness', 'liveness_0'),)","['explicit,0', 'mode,1', 'liveness,liveness_0']"
204,492,"{('liveness', 'liveness_1'), ('mode', 1), ('explicit', 0), ((('explicit', 0),)",2,1,14267,91537,0.13431,0.9414032382420972,1.028440126115229,0.1264398689282961,1.4442777385101548,"(('liveness', 'liveness_1'), ('mode', 1))","(('explicit', 0),)","['explicit,0', 'mode,1', 'liveness,liveness_1']"
205,498,"{('liveness', 'liveness_2'), ('mode', 1), ('explicit', 0), ((('explicit', 0),)",2,1,14128,91537,0.13267,0.9390571913929785,1.0258771768716242,0.12458471758210647,1.3886790016036505,"(('liveness', 'liveness_2'), ('mode', 1))","(('explicit', 0),)","['explicit,0', 'liveness,liveness_2', 'mode,1']"
206,504,"{('liveness', 'liveness_3'), ('mode', 1), ('explicit', 0), ((('explicit', 0),)",2,1,14261,91537,0.13203,0.9258116541616997,1.0114070312132797,0.12223491269896923,1.1407451925631689,"(('liveness', 'liveness_3'), ('mode', 1))","(('explicit', 0),)","['explicit,0', 'liveness,liveness_3', 'mode,1']"
207,505,"{('explicit', 0), ('mode', 1), ('liveness', 'liveness_3'), ((('liveness', 'liveness_3'),)",2,1,66140,19821,0.13203,0.19962201390988812,1.0071238278083252,0.02635609449652253,1.0017641825895558,"(('explicit', 0), ('mode', 1))","(('liveness', 'liveness_3'),)","['explicit,0', 'mode,1', 'liveness,liveness_3']"
208,510,"{('liveness', 'liveness_4'), ('mode', 1), ('explicit', 0), ((('explicit', 0),)",2,1,14167,91537,0.12813,0.9044257782169831,0.9880439365688006,0.11588407496294204,0.8854898060969464,"(('liveness', 'liveness_4'), ('mode', 1))","(('explicit', 0),)","['explicit,0', 'mode,1', 'liveness,liveness_4']"
209,516,"{('loudness', 'loudness_0'), ('mode', 1), ('explicit', 0), ((('explicit', 0),)",2,1,14125,91537,0.13393,0.9481769911504425,1.0358401424019166,0.12698934442477877,1.633058370127119,"(('loudness', 'loudness_0'), ('mode', 1))","(('explicit', 0),)","['explicit,0', 'loudness,loudness_0', 'mode,1']"
210,522,"{('loudness', 'loudness_1'), ('mode', 1), ('explicit', 0), ((('explicit', 0),)",2,1,14712,91537,0.14424,0.9804241435562806,1.0710686864942927,0.1414163784665579,4.323182279157441,"(('loudness', 'loudness_1'), ('mode', 1))","(('explicit', 0),)","['explicit,0', 'mode,1', 'loudness,loudness_1']"
211,528,"{('loudness', 'loudness_2'), ('mode', 1), ('explicit', 0), ((('explicit', 0),)",2,1,14499,91537,0.14006,0.9659976550106903,1.0553084053559658,0.13529763156079727,2.4889459105735727,"(('loudness', 'loudness_2'), ('mode', 1))","(('explicit', 0),)","['explicit,0', 'mode,1', 'loudness,loudness_2']"
212,534,"{('loudness', 'loudness_3'), ('mode', 1), ('explicit', 0), ((('explicit', 0),)",2,1,14243,91537,0.12935,0.908165414589623,0.9921293188433342,0.11747119637716773,0.9215482239100828,"(('loudness', 'loudness_3'), ('mode', 1))","(('explicit', 0),)","['explicit,0', 'loudness,loudness_3', 'mode,1']"
213,540,"{('loudness', 'loudness_4'), ('mode', 1), ('explicit', 0), ((('explicit', 0),)",2,1,13511,91537,0.11382,0.8424246909925246,0.9203105749505933,0.09588477832876915,0.5370765254784212,"(('loudness', 'loudness_4'), ('mode', 1))","(('explicit', 0),)","['explicit,0', 'mode,1', 'loudness,loudness_4']"
214,546,"{('mode', 1), ('popularity', 'popularity_0'), ('explicit', 0), ((('explicit', 0),)",2,1,14304,91537,0.13535,0.9462388143176734,1.033722772559373,0.1280734235178971,1.5741840019283133,"(('mode', 1), ('popularity', 'popularity_0'))","(('explicit', 0),)","['explicit,0', 'popularity,popularity_0', 'mode,1']"
215,552,"{('mode', 1), ('popularity', 'popularity_1'), ('explicit', 0), ((('explicit', 0),)",2,1,15224,91537,0.15162,0.9959274829217025,1.0880053780675603,0.15100252496058855,20.78075489731888,"(('mode', 1), ('popularity', 'popularity_1'))","(('explicit', 0),)","['explicit,0', 'popularity,popularity_1', 'mode,1']"
216,558,"{('mode', 1), ('popularity', 'popularity_2'), ('explicit', 0), ((('explicit', 0),)",2,1,14038,91537,0.13548,0.9650947428408605,1.0543220149675656,0.13075103576007976,2.4245630733958827,"(('mode', 1), ('popularity', 'popularity_2'))","(('explicit', 0),)","['explicit,0', 'mode,1', 'popularity,popularity_2']"
217,564,"{('mode', 1), ('popularity', 'popularity_3'), ('explicit', 0), ((('explicit', 0),)",2,1,14334,91537,0.1307,0.9118180549741872,0.9961196619664042,0.11917461978512628,0.9597202581039314,"(('mode', 1), ('popularity', 'popularity_3'))","(('explicit', 0),)","['explicit,0', 'mode,1', 'popularity,popularity_3']"
218,570,"{('mode', 1), ('popularity', 'popularity_4'), ('explicit', 0), ((('explicit', 0),)",2,1,13190,91537,0.10825,0.8206974981046247,0.8965746071038211,0.08884050416982561,0.47199564218789725,"(('mode', 1), ('popularity', 'popularity_4'))","(('explicit', 0),)","['explicit,0', 'popularity,popularity_4', 'mode,1']"
219,576,"{('mode', 1), ('speechiness', 'speechiness_0'), ('explicit', 0), ((('explicit', 0),)",2,1,16110,91537,0.15977,0.9917442582247051,1.0834353957686018,0.15845098013656114,10.251046126734161,"(('mode', 1), ('speechiness', 'speechiness_0'))","(('explicit', 0),)","['explicit,0', 'speechiness,speechiness_0', 'mode,1']"
220,582,"{('mode', 1), ('speechiness', 'speechiness_1'), ('explicit', 0), ((('explicit', 0),)",2,1,14220,91537,0.14021,0.9860056258790436,1.077166201513097,0.1382478488045007,6.047429718620855,"(('mode', 1), ('speechiness', 'speechiness_1'))","(('explicit', 0),)","['explicit,0', 'speechiness,speechiness_1', 'mode,1']"
221,588,"{('mode', 1), ('speechiness', 'speechiness_2'), ('explicit', 0), ((('explicit', 0),)",2,1,14026,91537,0.13669,0.9745472693569086,1.0646484693150406,0.13321086624839584,3.32498692818973,"(('mode', 1), ('speechiness', 'speechiness_2'))","(('explicit', 0),)","['explicit,0', 'mode,1', 'speechiness,speechiness_2']"
222,594,"{('mode', 1), ('speechiness', 'speechiness_3'), ('explicit', 0), ((('explicit', 0),)",2,1,13839,91537,0.13125,0.9484066767830045,1.0360910634858085,0.12447837632776934,1.6403284976183368,"(('mode', 1), ('speechiness', 'speechiness_3'))","(('explicit', 0),)","['explicit,0', 'speechiness,speechiness_3', 'mode,1']"
223,600,"{('mode', 1), ('tempo', 'tempo_0'), ('explicit', 0), ((('explicit', 0),)",2,1,14210,91537,0.13249,0.9323715693173821,1.0185734395024766,0.12352990921885995,1.2513967556895431,"(('mode', 1), ('tempo', 'tempo_0'))","(('explicit', 0),)","['tempo,tempo_0', 'explicit,0', 'mode,1']"
224,601,"{('explicit', 0), ('tempo', 'tempo_0'), ('mode', 1), ((('mode', 1),)",2,1,18342,71090,0.13249,0.7223312615854324,1.016079985350165,0.09570166884745393,1.0411686983905133,"(('explicit', 0), ('tempo', 'tempo_0'))","(('mode', 1),)","['explicit,0', 'tempo,tempo_0', 'mode,1']"
225,606,"{('mode', 1), ('tempo', 'tempo_1'), ('explicit', 0), ((('explicit', 0),)",2,1,13965,91537,0.12713,0.9103472968134623,0.994512925716882,0.11573245184389545,0.9439759878733033,"(('mode', 1), ('tempo', 'tempo_1'))","(('explicit', 0),)","['tempo,tempo_1', 'explicit,0', 'mode,1']"
226,607,"{('explicit', 0), ('tempo', 'tempo_1'), ('mode', 1), ((('mode', 1),)",2,1,17854,71090,0.12713,0.7120533213845637,1.0016223398291795,0.09052333874761957,1.0040053262156172,"(('explicit', 0), ('tempo', 'tempo_1'))","(('mode', 1),)","['explicit,0', 'mode,1', 'tempo,tempo_1']"
227,612,"{('mode', 1), ('tempo', 'tempo_2'), ('explicit', 0), ((('explicit', 0),)",2,1,14344,91537,0.137,0.9551031790295594,1.043406686945781,0.13084913552704966,1.8849886536672726,"(('mode', 1), ('tempo', 'tempo_2'))","(('explicit', 0),)","['tempo,tempo_2', 'explicit,0', 'mode,1']"
228,613,"{('explicit', 0), ('tempo', 'tempo_2'), ('mode', 1), ((('mode', 1),)",2,1,18968,71090,0.137,0.7222690847743568,1.0159925232442775,0.09895086461408689,1.0409356074896607,"(('explicit', 0), ('tempo', 'tempo_2'))","(('mode', 1),)","['explicit,0', 'mode,1', 'tempo,tempo_2']"
229,618,"{('mode', 1), ('tempo', 'tempo_3'), ('explicit', 0), ((('explicit', 0),)",2,1,14173,91537,0.13327,0.940309038312284,1.0272447625684522,0.12531498553587808,1.4178025649001003,"(('mode', 1), ('tempo', 'tempo_3'))","(('explicit', 0),)","['explicit,0', 'mode,1', 'tempo,tempo_3']"
230,624,"{('mode', 1), ('tempo', 'tempo_4'), ('explicit', 0), ((('explicit', 0),)",2,1,14398,91537,0.13151,0.9133907487150993,0.9978377581907854,0.1201200173635227,0.977147334347259,"(('mode', 1), ('tempo', 'tempo_4'))","(('explicit', 0),)","['explicit,0', 'mode,1', 'tempo,tempo_4']"
231,630,"{('mode', 1), ('valence', 'valence_0'), ('explicit', 0), ((('explicit', 0),)",2,1,14064,91537,0.13263,0.9430460750853242,1.0302348504815804,0.12507620093856656,1.4859379514379132,"(('mode', 1), ('valence', 'valence_0'))","(('explicit', 0),)","['explicit,0', 'mode,1', 'valence,valence_0']"
232,636,"{('mode', 1), ('valence', 'valence_1'), ('explicit', 0), ((('explicit', 0),)",2,1,14259,91537,0.13102,0.9188582649554667,1.0038107704594499,0.12038880987446525,1.0429897624269742,"(('mode', 1), ('valence', 'valence_1'))","(('explicit', 0),)","['explicit,0', 'mode,1', 'valence,valence_1']"
233,642,"{('mode', 1), ('valence', 'valence_2'), ('explicit', 0), ((('explicit', 0),)",2,1,13968,91537,0.1257,0.8999140893470791,0.9831151221332128,0.11311920103092785,0.8455735537832823,"(('mode', 1), ('valence', 'valence_2'))","(('explicit', 0),)","['explicit,0', 'valence,valence_2', 'mode,1']"
234,648,"{('mode', 1), ('valence', 'valence_3'), ('explicit', 0), ((('explicit', 0),)",2,1,13894,91537,0.1279,0.920541240823377,1.0056493448806243,0.11773722470130993,1.0650808018131943,"(('mode', 1), ('valence', 'valence_3'))","(('explicit', 0),)","['explicit,0', 'valence,valence_3', 'mode,1']"
235,654,"{('mode', 1), ('valence', 'valence_4'), ('explicit', 0), ((('explicit', 0),)",2,1,14905,91537,0.14415,0.9671251257967125,1.0565401157965768,0.1394110868835961,2.574306350265231,"(('mode', 1), ('valence', 'valence_4'))","(('explicit', 0),)","['explicit,0', 'mode,1', 'valence,valence_4']"
236,660,"{('mode', 1), ('year', 'year_0'), ('explicit', 0), ((('explicit', 0),)",2,1,14274,91537,0.13505,0.9461258231750035,1.0335993348864432,0.12777429241978422,1.5708824415828653,"(('mode', 1), ('year', 'year_0'))","(('explicit', 0),)","['explicit,0', 'mode,1', 'year,year_0']"
237,666,"{('mode', 1), ('year', 'year_1'), ('explicit', 0), ((('explicit', 0),)",2,1,14760,91537,0.14756,0.9997289972899729,1.0921583592317565,0.1475200108401084,312.2835476736945,"(('mode', 1), ('year', 'year_1'))","(('explicit', 0),)","['year,year_1', 'explicit,0', 'mode,1']"
238,667,"{('explicit', 0), ('year', 'year_1'), ('mode', 1), ((('mode', 1),)",2,1,20001,71090,0.14756,0.7377631118444078,1.037787469186113,0.1088643247837608,1.1024383370734283,"(('explicit', 0), ('year', 'year_1'))","(('mode', 1),)","['explicit,0', 'mode,1', 'year,year_1']"
239,672,"{('mode', 1), ('year', 'year_2'), ('explicit', 0), ((('explicit', 0),)",2,1,14633,91537,0.14492,0.9903642451992073,1.0819277944429109,0.14352358641426913,8.782912492763433,"(('mode', 1), ('year', 'year_2'))","(('explicit', 0),)","['explicit,0', 'mode,1', 'year,year_2']"
240,678,"{('mode', 1), ('year', 'year_3'), ('explicit', 0), ((('explicit', 0),)",2,1,14268,91537,0.12973,0.90923745444351,0.9933004735172772,0.11795537496495656,0.9324330708077571,"(('mode', 1), ('year', 'year_3'))","(('explicit', 0),)","['explicit,0', 'mode,1', 'year,year_3']"
241,684,"{('mode', 1), ('year', 'year_4'), ('explicit', 0), ((('explicit', 0),)",2,1,13155,91537,0.10414,0.791638160395287,0.8648286052582966,0.08244119802356518,0.40616842198352954,"(('mode', 1), ('year', 'year_4'))","(('explicit', 0),)","['year,year_4', 'explicit,0', 'mode,1']"
242,685,"{('explicit', 0), ('year', 'year_4'), ('mode', 1), ((('mode', 1),)",2,1,14993,71090,0.10414,0.6945908090442207,0.9770583894277967,0.07233468685386514,0.9465988831202541,"(('explicit', 0), ('year', 'year_4'))","(('mode', 1),)","['explicit,0', 'mode,1', 'year,year_4']"
243,690,"{('popularity', 'popularity_0'), ('year', 'year_0'), ('explicit', 0), ((('explicit', 0),)",2,1,17607,91537,0.16414,0.9322428579542228,1.0184328282052315,0.15301834270460613,1.2490196043658948,"(('popularity', 'popularity_0'), ('year', 'year_0'))","(('explicit', 0),)","['explicit,0', 'popularity,popularity_0', 'year,year_0']"
244,696,"{('popularity', 'popularity_1'), ('year', 'year_1'), ('explicit', 0), ((('explicit', 0),)",2,1,12549,91537,0.12544,0.9996015618774404,1.09201914185241,0.12539001992190613,212.40384090883575,"(('popularity', 'popularity_1'), ('year', 'year_1'))","(('explicit', 0),)","['year,year_1', 'explicit,0', 'popularity,popularity_1']"
245,697,"{('explicit', 0), ('year', 'year_1'), ('popularity', 'popularity_1'), ((('popularity', 'popularity_1'),)",2,1,20001,20579,0.12544,0.6271686415679216,3.047614760522482,0.07867203439828009,2.1302124403102614,"(('explicit', 0), ('year', 'year_1'))","(('popularity', 'popularity_1'),)","['explicit,0', 'popularity,popularity_1', 'year,year_1']"
246,702,"{('popularity', 'popularity_0'), ('year', 'year_0'), ('mode', 1), ((('mode', 1),)",2,1,17607,71090,0.12491,0.7094337479411598,0.9979374707288785,0.08861536945533026,0.9949538081473511,"(('popularity', 'popularity_0'), ('year', 'year_0'))","(('mode', 1),)","['popularity,popularity_0', 'mode,1', 'year,year_0']"
247,708,"{('explicit', 0), ('popularity', 'popularity_0'), ('year', 'year_0'), ('acousticness', 'acousticness_4'), ((('acousticness', 'acousticness_4'),)",3,1,16414,19775,0.11822,0.7202388205190691,3.6421684982000966,0.08514663336176435,2.8676244453246538,"(('explicit', 0), ('popularity', 'popularity_0'), ('year', 'year_0'))","(('acousticness', 'acousticness_4'),)","['explicit,0', 'popularity,popularity_0', 'year,year_0', 'acousticness,acousticness_4']"
248,722,"{('mode', 1), ('popularity', 'popularity_0'), ('year', 'year_0'), ('explicit', 0), ((('explicit', 0),)",3,1,12491,91537,0.11727,0.9388359618925627,1.025635493726649,0.11009729325114083,1.3836561684774231,"(('mode', 1), ('popularity', 'popularity_0'), ('year', 'year_0'))","(('explicit', 0),)","['explicit,0', 'popularity,popularity_0', 'mode,1', 'year,year_0']"
