,Unnamed: 0,rule_id,rule,len_l,len_r,count_lhs,count_rhs,support,confidence,lift,rpf,conviction,lhs,rhs,itemset
4,4,4,"{('acousticness', 'acousticness_2'), ('explicit', 0), ((('explicit', 0),)",1,1,20059,91483,0.18593,0.926915598983,1.0132107593574764,0.1723414173189092,1.1653649431268374,"(('acousticness', 'acousticness_2'),)","(('explicit', 0),)","['explicit,0', 'acousticness,acousticness_2']"
5,5,5,"{('acousticness', 'acousticness_2'), ('mode', 1), ((('mode', 1),)",1,1,20059,70774,0.14667,0.7311929807069146,1.033137848230868,0.1072440744802831,1.0872483898721963,"(('acousticness', 'acousticness_2'),)","(('mode', 1),)","['mode,1', 'acousticness,acousticness_2']"
6,6,6,"{('acousticness', 'acousticness_3'), ('explicit', 0), ((('explicit', 0),)",1,1,20049,91483,0.19671,0.9811461918300164,1.0724901805034994,0.1930012673948825,4.517389522303864,"(('acousticness', 'acousticness_3'),)","(('explicit', 0),)","['acousticness,acousticness_3', 'explicit,0']"
7,7,7,"{('acousticness', 'acousticness_3'), ('mode', 1), ((('mode', 1),)",1,1,20049,70774,0.1494,0.7451743229088733,1.0528927613373176,0.1113290438425856,1.1469016866325636,"(('acousticness', 'acousticness_3'),)","(('mode', 1),)","['mode,1', 'acousticness,acousticness_3']"
8,8,8,"{('acousticness', 'acousticness_4'), ('explicit', 0), ((('explicit', 0),)",1,1,19808,91483,0.1978,0.9985864297253636,1.091554091716891,0.1975203957996769,60.25164880483356,"(('acousticness', 'acousticness_4'),)","(('explicit', 0),)","['acousticness,acousticness_4', 'explicit,0']"
9,9,9,"{('acousticness', 'acousticness_4'), ('mode', 1), ((('mode', 1),)",1,1,19808,70774,0.14053,0.7094608239095315,1.0024314351450128,0.0997005295840064,1.0059228601346095,"(('acousticness', 'acousticness_4'),)","(('mode', 1),)","['mode,1', 'acousticness,acousticness_4']"
10,10,10,"{('popularity', 'popularity_0'), ('acousticness', 'acousticness_4'), ((('acousticness', 'acousticness_4'),)",1,1,20093,19808,0.13144,0.6541581645349127,3.302494772490472,0.0859825491464689,2.3187478073693195,"(('popularity', 'popularity_0'),)","(('acousticness', 'acousticness_4'),)","['acousticness,acousticness_4', 'popularity,popularity_0']"
11,11,12,"{('year', 'year_0'), ('acousticness', 'acousticness_4'), ((('acousticness', 'acousticness_4'),)",1,1,20101,19808,0.13118,0.652604348042386,3.2946503838973444,0.0856086383762001,2.308376610854836,"(('year', 'year_0'),)","(('acousticness', 'acousticness_4'),)","['acousticness,acousticness_4', 'year,year_0']"
12,12,14,"{('danceability', 'danceability_0'), ('explicit', 0), ((('explicit', 0),)",1,1,20062,91483,0.19607,0.9773203070481508,1.0683081086629764,0.1916231926029309,3.755341680572168,"(('danceability', 'danceability_0'),)","(('explicit', 0),)","['danceability,danceability_0', 'explicit,0']"
13,13,15,"{('danceability', 'danceability_0'), ('mode', 1), ((('mode', 1),)",1,1,20062,70774,0.14444,0.7199680988934304,1.0172776710281042,0.1039921922041671,1.0436668029658165,"(('danceability', 'danceability_0'),)","(('mode', 1),)","['mode,1', 'danceability,danceability_0']"
14,14,16,"{('danceability', 'danceability_1'), ('explicit', 0), ((('explicit', 0),)",1,1,19993,91483,0.19284,0.9645375881558546,1.054335328045489,0.186001428499975,2.4016978307233496,"(('danceability', 'danceability_1'),)","(('explicit', 0),)","['explicit,0', 'danceability,danceability_1']"
15,15,17,"{('danceability', 'danceability_1'), ('mode', 1), ((('mode', 1),)",1,1,19993,70774,0.14605,0.7305056769869455,1.0321667236371344,0.1066903541239434,1.0844755304970453,"(('danceability', 'danceability_1'),)","(('mode', 1),)","['mode,1', 'danceability,danceability_1']"
16,16,18,"{('danceability', 'danceability_2'), ('explicit', 0), ((('explicit', 0),)",1,1,19887,91483,0.18955,0.9531352139588676,1.0418714011989851,0.1806667798059033,1.8173559590753652,"(('danceability', 'danceability_2'),)","(('explicit', 0),)","['explicit,0', 'danceability,danceability_2']"
17,17,19,"{('danceability', 'danceability_2'), ('mode', 1), ((('mode', 1),)",1,1,19887,70774,0.1442,0.7250967969024992,1.0245242559449783,0.1045589581133403,1.0631378450443347,"(('danceability', 'danceability_2'),)","(('mode', 1),)","['mode,1', 'danceability,danceability_2']"
19,19,21,"{('danceability', 'danceability_3'), ('mode', 1), ((('mode', 1),)",1,1,20008,70774,0.14195,0.7094662135145942,1.0024390503780969,0.1007087290083966,1.0059415207075728,"(('danceability', 'danceability_3'),)","(('mode', 1),)","['mode,1', 'danceability,danceability_3']"
23,23,25,"{('duration_ms', 'duration_ms_0'), ('mode', 1), ((('mode', 1),)",1,1,19992,70774,0.15002,0.7504001600640257,1.0602765988414184,0.1125750320128051,1.170914207733684,"(('duration_ms', 'duration_ms_0'),)","(('mode', 1),)","['mode,1', 'duration_ms,duration_ms_0']"
24,24,26,"{('duration_ms', 'duration_ms_1'), ('explicit', 0), ((('explicit', 0),)",1,1,19911,91483,0.18801,0.9442519210486666,1.0321610802538903,0.1775288036763598,1.5277656212438375,"(('duration_ms', 'duration_ms_1'),)","(('explicit', 0),)","['explicit,0', 'duration_ms,duration_ms_1']"
25,25,27,"{('duration_ms', 'duration_ms_1'), ('mode', 1), ((('mode', 1),)",1,1,19911,70774,0.14696,0.7380844759178343,1.0428751743830142,0.1084688945808849,1.115855961223814,"(('duration_ms', 'duration_ms_1'),)","(('mode', 1),)","['mode,1', 'duration_ms,duration_ms_1']"
30,30,32,"{('duration_ms', 'duration_ms_4'), ('explicit', 0), ((('explicit', 0),)",1,1,20063,91483,0.18725,0.933310073269202,1.0202005544955917,0.174762311219658,1.2771043978904737,"(('duration_ms', 'duration_ms_4'),)","(('explicit', 0),)","['explicit,0', 'duration_ms,duration_ms_4']"
32,32,34,"{('energy', 'energy_0'), ('explicit', 0), ((('explicit', 0),)",1,1,19940,91483,0.19107,0.9582246740220662,1.0474346862499766,0.1830879884653961,2.038763216503076,"(('energy', 'energy_0'),)","(('explicit', 0),)","['explicit,0', 'energy,energy_0']"
33,33,35,"{('loudness', 'loudness_0'), ('energy', 'energy_0'), ((('energy', 'energy_0'),)",1,1,19969,19940,0.14284,0.7153087285292203,3.587305559324073,0.1021746987831138,2.812169101819489,"(('loudness', 'loudness_0'),)","(('energy', 'energy_0'),)","['loudness,loudness_0', 'energy,energy_0']"
34,34,37,"{('energy', 'energy_0'), ('mode', 1), ((('mode', 1),)",1,1,19940,70774,0.14414,0.7228686058174524,1.0213759372332385,0.1041942808425275,1.054590007052384,"(('energy', 'energy_0'),)","(('mode', 1),)","['mode,1', 'energy,energy_0']"
35,35,38,"{('energy', 'energy_1'), ('explicit', 0), ((('explicit', 0),)",1,1,20097,91483,0.19331,0.9618848584365826,1.0514356311408488,0.1859419619843758,2.234544967483484,"(('energy', 'energy_1'),)","(('explicit', 0),)","['explicit,0', 'energy,energy_1']"
36,36,39,"{('energy', 'energy_1'), ('mode', 1), ((('mode', 1),)",1,1,20097,70774,0.14741,0.7334925610787679,1.0363870363110297,0.1081241384286211,1.0966297979762936,"(('energy', 'energy_1'),)","(('mode', 1),)","['mode,1', 'energy,energy_1']"
37,37,40,"{('energy', 'energy_2'), ('explicit', 0), ((('explicit', 0),)",1,1,20199,91483,0.18589,0.9202930838160304,1.0059716929003537,0.1710732813505619,1.068539632556874,"(('energy', 'energy_2'),)","(('explicit', 0),)","['explicit,0', 'energy,energy_2']"
38,38,41,"{('energy', 'energy_2'), ('mode', 1), ((('mode', 1),)",1,1,20199,70774,0.14523,0.7189959899004901,1.0159041313201036,0.1044197876132481,1.0400563282226745,"(('energy', 'energy_2'),)","(('mode', 1),)","['mode,1', 'energy,energy_2']"
42,42,45,"{('loudness', 'loudness_4'), ('energy', 'energy_4'), ((('energy', 'energy_4'),)",1,1,19913,19988,0.12287,0.6170340983277256,3.0870227052617847,0.0758149796615276,2.089272163440378,"(('loudness', 'loudness_4'),)","(('energy', 'energy_4'),)","['energy,energy_4', 'loudness,loudness_4']"
45,45,49,"{('instrumentalness', 'instrumentalness_1'), ('explicit', 0), ((('explicit', 0),)",1,1,20109,91483,0.18844,0.9370928440001988,1.024335498398827,0.1765857755233974,1.35390000219322,"(('instrumentalness', 'instrumentalness_1'),)","(('explicit', 0),)","['explicit,0', 'instrumentalness,instrumentalness_1']"
46,46,50,"{('instrumentalness', 'instrumentalness_2'), ('explicit', 0), ((('explicit', 0),)",1,1,19820,91483,0.19065,0.9619071644803228,1.0514600138608514,0.1833876009081735,2.235853451238917,"(('instrumentalness', 'instrumentalness_2'),)","(('explicit', 0),)","['instrumentalness,instrumentalness_2', 'explicit,0']"
47,47,51,"{('instrumentalness', 'instrumentalness_3'), ('explicit', 0), ((('explicit', 0),)",1,1,20001,91483,0.19764,0.9881505924703764,1.0801466856906492,0.1952980830958452,7.187700532653187,"(('instrumentalness', 'instrumentalness_3'),)","(('explicit', 0),)","['instrumentalness,instrumentalness_3', 'explicit,0']"
48,48,52,"{('key', 0), ('explicit', 0), ((('explicit', 0),)",1,1,12649,91483,0.11782,0.9314570321764566,1.018174996640312,0.1097442675310301,1.2425782171656596,"(('key', 0),)","(('explicit', 0),)","['key,0', 'explicit,0']"
49,49,53,"{('key', 2), ('explicit', 0), ((('explicit', 0),)",1,1,11146,91483,0.10443,0.9369280459357616,1.0241553577558251,0.0978433958370715,1.3503624536968135,"(('key', 2),)","(('explicit', 0),)","['key,2', 'explicit,0']"
50,50,54,"{('key', 5), ('explicit', 0), ((('explicit', 0),)",1,1,9648,91483,0.09101,0.9433043117744612,1.031125249253371,0.0858501254145936,1.502230613357366,"(('key', 5),)","(('explicit', 0),)","['key,5', 'explicit,0']"
51,51,55,"{('key', 7), ('explicit', 0), ((('explicit', 0),)",1,1,12264,91483,0.11331,0.9239236790606654,1.0099402938913955,0.1046897920743639,1.1195336187245877,"(('key', 7),)","(('explicit', 0),)","['key,7', 'explicit,0']"
52,52,56,"{('key', 9), ('explicit', 0), ((('explicit', 0),)",1,1,10288,91483,0.09693,0.942165629860031,1.0298805568903853,0.0913241145023328,1.4726536888224164,"(('key', 9),)","(('explicit', 0),)","['key,9', 'explicit,0']"
53,53,57,"{('liveness', 'liveness_0'), ('explicit', 0), ((('explicit', 0),)",1,1,20028,91483,0.18573,0.9273517076093468,1.0136874693761102,0.172237032654284,1.1723606436563303,"(('liveness', 'liveness_0'),)","(('explicit', 0),)","['explicit,0', 'liveness,liveness_0']"
54,54,58,"{('liveness', 'liveness_1'), ('explicit', 0), ((('explicit', 0),)",1,1,20066,91483,0.18606,0.9272401076447724,1.0135654795369329,0.1725222944283863,1.1705624633640366,"(('liveness', 'liveness_1'),)","(('explicit', 0),)","['explicit,0', 'liveness,liveness_1']"
55,55,59,"{('liveness', 'liveness_2'), ('explicit', 0), ((('explicit', 0),)",1,1,19993,91483,0.18461,0.9233731806132146,1.0093385444434646,0.1704639228730055,1.1114907230926665,"(('liveness', 'liveness_2'),)","(('explicit', 0),)","['liveness,liveness_2', 'explicit,0']"
58,58,62,"{('loudness', 'loudness_0'), ('explicit', 0), ((('explicit', 0),)",1,1,19969,91483,0.18781,0.9405077870699584,1.0280683701561586,0.1766367674896088,1.4316159102795123,"(('loudness', 'loudness_0'),)","(('explicit', 0),)","['loudness,loudness_0', 'explicit,0']"
59,59,63,"{('loudness', 'loudness_1'), ('explicit', 0), ((('explicit', 0),)",1,1,20100,91483,0.19645,0.977363184079602,1.0683549775145131,0.1920029975124378,3.7624547788454015,"(('loudness', 'loudness_1'),)","(('explicit', 0),)","['explicit,0', 'loudness,loudness_1']"
60,60,64,"{('loudness', 'loudness_2'), ('explicit', 0), ((('explicit', 0),)",1,1,20030,91483,0.19184,0.9577633549675488,1.0469304187308557,0.1837373220169745,2.0164953423281315,"(('loudness', 'loudness_2'),)","(('explicit', 0),)","['explicit,0', 'loudness,loudness_2']"
64,64,68,"{('mode', 1), ('explicit', 0), ((('explicit', 0),)",1,1,70774,91483,0.6585,0.9304264277842146,1.0170484437373222,0.6126858026959052,1.2241717086434754,"(('mode', 1),)","(('explicit', 0),)","['mode,1', 'explicit,0']"
65,65,70,"{('popularity', 'popularity_0'), ('explicit', 0), ((('explicit', 0),)",1,1,20093,91483,0.18842,0.9377395112725824,1.025042369918545,0.17668887871398,1.3679622562058622,"(('popularity', 'popularity_0'),)","(('explicit', 0),)","['explicit,0', 'popularity,popularity_0']"
66,66,71,"{('popularity', 'popularity_1'), ('explicit', 0), ((('explicit', 0),)",1,1,20332,91483,0.20234,0.9951800118040528,1.0878305387930574,0.201364723588432,17.670164089083777,"(('popularity', 'popularity_1'),)","(('explicit', 0),)","['popularity,popularity_1', 'explicit,0']"
67,67,72,"{('popularity', 'popularity_2'), ('explicit', 0), ((('explicit', 0),)",1,1,19481,91483,0.18669,0.9583183614804168,1.047537095941778,0.178908454904779,2.0433457268393864,"(('popularity', 'popularity_2'),)","(('explicit', 0),)","['explicit,0', 'popularity,popularity_2']"
70,70,75,"{('speechiness', 'speechiness_0'), ('explicit', 0), ((('explicit', 0),)",1,1,20232,91483,0.20016,0.98932384341637,1.0814291654366055,0.1980230604982206,7.97758925276583,"(('speechiness', 'speechiness_0'),)","(('explicit', 0),)","['speechiness,speechiness_0', 'explicit,0']"
71,71,76,"{('speechiness', 'speechiness_1'), ('explicit', 0), ((('explicit', 0),)",1,1,19706,91483,0.19393,0.9841165127372374,1.0757370361020488,0.1908497153151324,5.3621722502652975,"(('speechiness', 'speechiness_1'),)","(('explicit', 0),)","['explicit,0', 'speechiness,speechiness_1']"
72,72,77,"{('speechiness', 'speechiness_2'), ('explicit', 0), ((('explicit', 0),)",1,1,20084,91483,0.19518,0.9718183628759212,1.062293937535849,0.1896795080661222,3.0221805994744275,"(('speechiness', 'speechiness_2'),)","(('explicit', 0),)","['explicit,0', 'speechiness,speechiness_2']"
73,73,78,"{('speechiness', 'speechiness_3'), ('explicit', 0), ((('explicit', 0),)",1,1,19956,91483,0.18707,0.9374123070755662,1.024684703251496,0.1753617202846261,1.3608106427891604,"(('speechiness', 'speechiness_3'),)","(('explicit', 0),)","['speechiness,speechiness_3', 'explicit,0']"
75,75,80,"{('tempo', 'tempo_0'), ('explicit', 0), ((('explicit', 0),)",1,1,19959,91483,0.18305,0.9171301167393155,1.0025142559156517,0.1678806678691317,1.0277557493875582,"(('tempo', 'tempo_0'),)","(('explicit', 0),)","['explicit,0', 'tempo,tempo_0']"
77,77,82,"{('tempo', 'tempo_2'), ('explicit', 0), ((('explicit', 0),)",1,1,19962,91483,0.18907,0.947149584209999,1.03532851372386,0.1790775718865845,1.6115293913086712,"(('tempo', 'tempo_2'),)","(('explicit', 0),)","['tempo,tempo_2', 'explicit,0']"
78,78,83,"{('tempo', 'tempo_3'), ('explicit', 0), ((('explicit', 0),)",1,1,19943,91483,0.18473,0.9262899262899262,1.0125268369969571,0.171113538083538,1.155472984324082,"(('tempo', 'tempo_3'),)","(('explicit', 0),)","['explicit,0', 'tempo,tempo_3']"
80,80,85,"{('valence', 'valence_0'), ('explicit', 0), ((('explicit', 0),)",1,1,19997,91483,0.18664,0.93334000100015,1.0202332684762745,0.174198577786668,1.2776777677796527,"(('valence', 'valence_0'),)","(('explicit', 0),)","['explicit,0', 'valence,valence_0']"
84,84,89,"{('valence', 'valence_4'), ('explicit', 0), ((('explicit', 0),)",1,1,19930,91483,0.19117,0.9592072252885098,1.0485087123165069,0.1833716452584044,2.087869690515075,"(('valence', 'valence_4'),)","(('explicit', 0),)","['explicit,0', 'valence,valence_4']"
85,85,90,"{('year', 'year_0'), ('explicit', 0), ((('explicit', 0),)",1,1,20101,91483,0.18855,0.938013034177404,1.025341357604587,0.1768623575941495,1.373998509134234,"(('year', 'year_0'),)","(('explicit', 0),)","['explicit,0', 'year,year_0']"
86,86,91,"{('year', 'year_1'), ('explicit', 0), ((('explicit', 0),)",1,1,19914,91483,0.19904,0.9994978407150747,1.0925503543992596,0.1989400502159285,169.60720024423392,"(('year', 'year_1'),)","(('explicit', 0),)","['explicit,0', 'year,year_1']"
87,87,92,"{('year', 'year_2'), ('explicit', 0), ((('explicit', 0),)",1,1,20021,91483,0.19841,0.9910094400879076,1.0832716899182446,0.1966261830078417,9.4732687796427,"(('year', 'year_2'),)","(('explicit', 0),)","['explicit,0', 'year,year_2']"
90,90,95,"{('instrumentalness', 'instrumentalness_0'), ('mode', 1), ((('mode', 1),)",1,1,40070,70774,0.29068,0.725430496630896,1.0249957563948568,0.2108681367606688,1.064429936134184,"(('instrumentalness', 'instrumentalness_0'),)","(('mode', 1),)","['mode,1', 'instrumentalness,instrumentalness_0']"
91,91,96,"{('year', 'year_4'), ('instrumentalness', 'instrumentalness_0'), ((('instrumentalness', 'instrumentalness_0'),)",1,1,19863,40070,0.12102,0.6092735236369129,1.5205228940277336,0.0737342818305392,1.5338095438131607,"(('year', 'year_4'),)","(('instrumentalness', 'instrumentalness_0'),)","['year,year_4', 'instrumentalness,instrumentalness_0']"
92,92,97,"{('instrumentalness', 'instrumentalness_1'), ('mode', 1), ((('mode', 1),)",1,1,20109,70774,0.14407,0.7164453727186831,1.0123002412166662,0.1032182848475806,1.0307008627277507,"(('instrumentalness', 'instrumentalness_1'),)","(('mode', 1),)","['mode,1', 'instrumentalness,instrumentalness_1']"
95,95,100,"{('key', 0), ('mode', 1), ((('mode', 1),)",1,1,12649,70774,0.10164,0.8035417819590481,1.1353629609165063,0.0816719867183176,1.4876445558079612,"(('key', 0),)","(('mode', 1),)","['mode,1', 'key,0']"
96,96,101,"{('key', 2), ('mode', 1), ((('mode', 1),)",1,1,11146,70774,0.08714,0.7818051318858783,1.1046501990644564,0.0681264991925354,1.3394448787296656,"(('key', 2),)","(('mode', 1),)","['mode,1', 'key,2']"
97,97,102,"{('key', 7), ('mode', 1), ((('mode', 1),)",1,1,12264,70774,0.09878,0.8054468362687541,1.1380547040844862,0.0795620384866275,1.50221149269777,"(('key', 7),)","(('mode', 1),)","['mode,1', 'key,7']"
101,101,106,"{('liveness', 'liveness_3'), ('mode', 1), ((('mode', 1),)",1,1,19970,70774,0.14309,0.7165247871807712,1.01241244974252,0.1025275317976965,1.0309896095055886,"(('liveness', 'liveness_3'),)","(('mode', 1),)","['mode,1', 'liveness,liveness_3']"
104,104,109,"{('loudness', 'loudness_1'), ('mode', 1), ((('mode', 1),)",1,1,20100,70774,0.14661,0.7294029850746269,1.0306086770206953,0.106937771641791,1.0800562563505915,"(('loudness', 'loudness_1'),)","(('mode', 1),)","['mode,1', 'loudness,loudness_1']"
105,105,110,"{('loudness', 'loudness_2'), ('mode', 1), ((('mode', 1),)",1,1,20030,70774,0.14531,0.7254618072890664,1.0250399967347703,0.1054168552171742,1.064551332729048,"(('loudness', 'loudness_2'),)","(('mode', 1),)","['mode,1', 'loudness,loudness_2']"
109,109,114,"{('popularity', 'popularity_1'), ('mode', 1), ((('mode', 1),)",1,1,20332,70774,0.15028,0.7391304347826086,1.0443530601387638,0.1110765217391304,1.1203299957054011,"(('popularity', 'popularity_1'),)","(('mode', 1),)","['popularity,popularity_1', 'mode,1']"
110,110,115,"{('popularity', 'popularity_2'), ('mode', 1), ((('mode', 1),)",1,1,19481,70774,0.14136,0.7256301011241723,1.0252777872158876,0.102575071094913,1.0652043104300757,"(('popularity', 'popularity_2'),)","(('mode', 1),)","['mode,1', 'popularity,popularity_2']"
113,113,118,"{('speechiness', 'speechiness_0'), ('mode', 1), ((('mode', 1),)",1,1,20232,70774,0.15898,0.7857848952155002,1.1102733987276403,0.1249240826413602,1.3643295552369368,"(('speechiness', 'speechiness_0'),)","(('mode', 1),)","['mode,1', 'speechiness,speechiness_0']"
114,114,119,"{('speechiness', 'speechiness_1'), ('mode', 1), ((('mode', 1),)",1,1,19706,70774,0.14251,0.7231807571298082,1.0218169908862127,0.1030604896985689,1.0557792005856672,"(('speechiness', 'speechiness_1'),)","(('mode', 1),)","['mode,1', 'speechiness,speechiness_1']"
118,118,123,"{('tempo', 'tempo_0'), ('mode', 1), ((('mode', 1),)",1,1,19959,70774,0.14128,0.7078510947442257,1.0001569711253082,0.1000052026654642,1.000380264111372,"(('tempo', 'tempo_0'),)","(('mode', 1),)","['mode,1', 'tempo,tempo_0']"
120,120,125,"{('tempo', 'tempo_2'), ('mode', 1), ((('mode', 1),)",1,1,19962,70774,0.1419,0.7108506161707244,1.0043951396992177,0.1008697024346258,1.010757813552192,"(('tempo', 'tempo_2'),)","(('mode', 1),)","['mode,1', 'tempo,tempo_2']"
122,122,127,"{('tempo', 'tempo_4'), ('mode', 1), ((('mode', 1),)",1,1,20019,70774,0.14421,0.7203656526300015,1.017839393887588,0.1038839307657725,1.0451505750405734,"(('tempo', 'tempo_4'),)","(('mode', 1),)","['mode,1', 'tempo,tempo_4']"
124,124,129,"{('valence', 'valence_1'), ('mode', 1), ((('mode', 1),)",1,1,20200,70774,0.14376,0.7116831683168316,1.0055714928036166,0.1023115722772277,1.0136765074731684,"(('valence', 'valence_1'),)","(('mode', 1),)","['mode,1', 'valence,valence_1']"
127,127,132,"{('valence', 'valence_4'), ('mode', 1), ((('mode', 1),)",1,1,19930,70774,0.1455,0.7300551931761164,1.0315302133214406,0.1062230306071249,1.0826657580710912,"(('valence', 'valence_4'),)","(('mode', 1),)","['mode,1', 'valence,valence_4']"
129,129,134,"{('year', 'year_1'), ('mode', 1), ((('mode', 1),)",1,1,19914,70774,0.14694,0.7378728532690569,1.0425761625301055,0.1084230370593552,1.114955099194786,"(('year', 'year_1'),)","(('mode', 1),)","['mode,1', 'year,year_1']"
130,130,135,"{('year', 'year_2'), ('mode', 1), ((('mode', 1),)",1,1,20021,70774,0.14581,0.7282853004345438,1.029029446455681,0.1061912796563608,1.0756134997178568,"(('year', 'year_2'),)","(('mode', 1),)","['mode,1', 'year,year_2']"
131,131,136,"{('year', 'year_3'), ('mode', 1), ((('mode', 1),)",1,1,20101,70774,0.14316,0.712203372966519,1.0063065150571102,0.1019590348738868,1.0155087708880304,"(('year', 'year_3'),)","(('mode', 1),)","['mode,1', 'year,year_3']"
133,133,138,"{('year', 'year_0'), ('popularity', 'popularity_0'), ((('popularity', 'popularity_0'),)",1,1,20101,20093,0.1763,0.8770707924978857,4.365056449996943,0.1546275807173772,6.5002452202908,"(('year', 'year_0'),)","(('popularity', 'popularity_0'),)","['popularity,popularity_0', 'year,year_0']"
134,134,139,"{('popularity', 'popularity_0'), ('year', 'year_0'), ((('year', 'year_0'),)",1,1,20093,20101,0.1763,0.8774199970138854,4.365056449996943,0.154689145473548,6.518110409675844,"(('popularity', 'popularity_0'),)","(('year', 'year_0'),)","['year,year_0', 'popularity,popularity_0']"
135,135,140,"{('year', 'year_1'), ('popularity', 'popularity_1'), ((('popularity', 'popularity_1'),)",1,1,19914,20332,0.12448,0.6250878778748619,3.0744042783536387,0.0778109390378628,2.1249779637936226,"(('year', 'year_1'),)","(('popularity', 'popularity_1'),)","['popularity,popularity_1', 'year,year_1']"
136,136,142,"{('year', 'year_4'), ('popularity', 'popularity_4'), ((('popularity', 'popularity_4'),)",1,1,19863,19570,0.12892,0.6490459648592861,3.316535333976935,0.0836750057896591,2.291753099193646,"(('year', 'year_4'),)","(('popularity', 'popularity_4'),)","['year,year_4', 'popularity,popularity_4']"
141,141,150,"{('acousticness', 'acousticness_2'), ('mode', 1), ('explicit', 0), ((('explicit', 0),)",2,1,14667,91483,0.13895,0.9473648326174404,1.0355638015996858,0.1316363434921933,1.618119645423626,"(('acousticness', 'acousticness_2'), ('mode', 1))","(('explicit', 0),)","['mode,1', 'explicit,0', 'acousticness,acousticness_2']"
142,142,153,"{('acousticness', 'acousticness_3'), ('instrumentalness', 'instrumentalness_0'), ('explicit', 0), ((('explicit', 0),)",2,1,8303,91483,0.08031,0.9672407563531252,1.0572901592133244,0.0776791051427195,2.5998767956368454,"(('acousticness', 'acousticness_3'), ('instrumentalness', 'instrumentalness_0'))","(('explicit', 0),)","['acousticness,acousticness_3', 'explicit,0', 'instrumentalness,instrumentalness_0']"
143,143,154,"{('acousticness', 'acousticness_3'), ('mode', 1), ('explicit', 0), ((('explicit', 0),)",2,1,14940,91483,0.14697,0.983734939759036,1.0753199389602834,0.1445795240963855,5.236377455837531,"(('acousticness', 'acousticness_3'), ('mode', 1))","(('explicit', 0),)","['mode,1', 'acousticness,acousticness_3', 'explicit,0']"
144,144,157,"{('acousticness', 'acousticness_3'), ('year', 'year_1'), ('explicit', 0), ((('explicit', 0),)",2,1,8372,91483,0.0837,0.9997611084567606,1.092838132174022,0.0836800047778308,356.520127606675,"(('acousticness', 'acousticness_3'), ('year', 'year_1'))","(('explicit', 0),)","['acousticness,acousticness_3', 'explicit,0', 'year,year_1']"
145,145,158,"{('energy', 'energy_0'), ('explicit', 0), ('acousticness', 'acousticness_4'), ((('acousticness', 'acousticness_4'),)",2,1,19107,19808,0.11819,0.6185691107970901,3.122824670825374,0.073108683205108,2.10239920414784,"(('energy', 'energy_0'), ('explicit', 0))","(('acousticness', 'acousticness_4'),)","['explicit,0', 'acousticness,acousticness_4', 'energy,energy_0']"
146,146,159,"{('acousticness', 'acousticness_4'), ('energy', 'energy_0'), ('explicit', 0), ((('explicit', 0),)",2,1,11827,91483,0.11819,0.9993235816352414,1.092359871927289,0.1181100541134691,125.91301260334605,"(('acousticness', 'acousticness_4'), ('energy', 'energy_0'))","(('explicit', 0),)","['acousticness,acousticness_4', 'explicit,0', 'energy,energy_0']"
147,147,160,"{('energy', 'energy_0'), ('loudness', 'loudness_0'), ('acousticness', 'acousticness_4'), ((('acousticness', 'acousticness_4'),)",2,1,14284,19808,0.08646,0.6052926351162139,3.055798844488156,0.0523336012321478,2.031682378676737,"(('energy', 'energy_0'), ('loudness', 'loudness_0'))","(('acousticness', 'acousticness_4'),)","['loudness,loudness_0', 'acousticness,acousticness_4', 'energy,energy_0']"
148,148,163,"{('acousticness', 'acousticness_4'), ('energy', 'energy_0'), ('mode', 1), ((('mode', 1),)",2,1,11827,70774,0.0843,0.7127758518643781,1.007115398118487,0.060087004312167,1.0175328254240914,"(('acousticness', 'acousticness_4'), ('energy', 'energy_0'))","(('mode', 1),)","['mode,1', 'acousticness,acousticness_4', 'energy,energy_0']"
149,149,164,"{('acousticness', 'acousticness_4'), ('instrumentalness', 'instrumentalness_3'), ('explicit', 0), ((('explicit', 0),)",2,1,9954,91483,0.0995,0.9995981514968856,1.092660004041063,0.0994600160739401,211.94501757483184,"(('acousticness', 'acousticness_4'), ('instrumentalness', 'instrumentalness_3'))","(('explicit', 0),)","['instrumentalness,instrumentalness_3', 'acousticness,acousticness_4', 'explicit,0']"
150,150,165,"{('acousticness', 'acousticness_4'), ('loudness', 'loudness_0'), ('explicit', 0), ((('explicit', 0),)",2,1,10103,91483,0.10096,0.9993071364941106,1.0923418957556164,0.1008900485004454,122.9244668705812,"(('acousticness', 'acousticness_4'), ('loudness', 'loudness_0'))","(('explicit', 0),)","['loudness,loudness_0', 'acousticness,acousticness_4', 'explicit,0']"
151,151,166,"{('acousticness', 'acousticness_4'), ('mode', 1), ('explicit', 0), ((('explicit', 0),)",2,1,14053,91483,0.14034,0.9986479755212412,1.0916213673810882,0.1401502568846509,62.994374986320885,"(('acousticness', 'acousticness_4'), ('mode', 1))","(('explicit', 0),)","['mode,1', 'acousticness,acousticness_4', 'explicit,0']"
152,152,169,"{('explicit', 0), ('popularity', 'popularity_0'), ('acousticness', 'acousticness_4'), ((('acousticness', 'acousticness_4'),)",2,1,18842,19808,0.13143,0.6975374164101475,3.5214934188719083,0.0916773426387856,2.651303139154965,"(('explicit', 0), ('popularity', 'popularity_0'))","(('acousticness', 'acousticness_4'),)","['explicit,0', 'acousticness,acousticness_4', 'popularity,popularity_0']"
153,153,170,"{('acousticness', 'acousticness_4'), ('popularity', 'popularity_0'), ('explicit', 0), ((('explicit', 0),)",2,1,13144,91483,0.13143,0.99992391965916,1.0930161009795918,0.1314200007608034,1119.4597658205612,"(('acousticness', 'acousticness_4'), ('popularity', 'popularity_0'))","(('explicit', 0),)","['acousticness,acousticness_4', 'explicit,0', 'popularity,popularity_0']"
154,154,174,"{('explicit', 0), ('year', 'year_0'), ('acousticness', 'acousticness_4'), ((('acousticness', 'acousticness_4'),)",2,1,18855,19808,0.13116,0.6956245027844074,3.511836140874431,0.0912381097852028,2.634640451354566,"(('explicit', 0), ('year', 'year_0'))","(('acousticness', 'acousticness_4'),)","['explicit,0', 'acousticness,acousticness_4', 'year,year_0']"
155,155,175,"{('acousticness', 'acousticness_4'), ('year', 'year_0'), ('explicit', 0), ((('explicit', 0),)",2,1,13118,91483,0.13116,0.9998475377344108,1.092932607953839,0.1311400030492453,558.6263659695702,"(('acousticness', 'acousticness_4'), ('year', 'year_0'))","(('explicit', 0),)","['acousticness,acousticness_4', 'explicit,0', 'year,year_0']"
156,156,179,"{('mode', 1), ('popularity', 'popularity_0'), ('acousticness', 'acousticness_4'), ((('acousticness', 'acousticness_4'),)",2,1,14160,19808,0.09301,0.6568502824858757,3.3160858364593886,0.0610936447740113,2.3369391164661333,"(('mode', 1), ('popularity', 'popularity_0'))","(('acousticness', 'acousticness_4'),)","['mode,1', 'acousticness,acousticness_4', 'popularity,popularity_0']"
157,157,182,"{('mode', 1), ('year', 'year_0'), ('acousticness', 'acousticness_4'), ((('acousticness', 'acousticness_4'),)",2,1,14135,19808,0.09261,0.6551821719136894,3.307664438174926,0.0606764209409267,2.325633805319484,"(('mode', 1), ('year', 'year_0'))","(('acousticness', 'acousticness_4'),)","['mode,1', 'acousticness,acousticness_4', 'year,year_0']"
158,158,185,"{('popularity', 'popularity_0'), ('year', 'year_0'), ('acousticness', 'acousticness_4'), ((('acousticness', 'acousticness_4'),)",2,1,17630,19808,0.11893,0.6745887691435054,3.405637970231752,0.080228842314237,2.464327968721265,"(('popularity', 'popularity_0'), ('year', 'year_0'))","(('acousticness', 'acousticness_4'),)","['acousticness,acousticness_4', 'year,year_0', 'popularity,popularity_0']"
159,159,189,"{('danceability', 'danceability_0'), ('mode', 1), ('explicit', 0), ((('explicit', 0),)",2,1,14444,91483,0.14172,0.9811686513431184,1.0725147309807488,0.1390512212683467,4.522777259827226,"(('danceability', 'danceability_0'), ('mode', 1))","(('explicit', 0),)","['mode,1', 'danceability,danceability_0', 'explicit,0']"
160,160,192,"{('danceability', 'danceability_0'), ('valence', 'valence_0'), ('explicit', 0), ((('explicit', 0),)",2,1,11198,91483,0.10992,0.9816038578317556,1.072990454873316,0.1078978960528665,4.6297747968727165,"(('danceability', 'danceability_0'), ('valence', 'valence_0'))","(('explicit', 0),)","['danceability,danceability_0', 'explicit,0', 'valence,valence_0']"
161,161,193,"{('danceability', 'danceability_1'), ('mode', 1), ('explicit', 0), ((('explicit', 0),)",2,1,14605,91483,0.14177,0.9706949674768914,1.0610659548516024,0.1376154255391989,2.906326653161442,"(('danceability', 'danceability_1'), ('mode', 1))","(('explicit', 0),)","['mode,1', 'explicit,0', 'danceability,danceability_1']"
162,162,196,"{('danceability', 'danceability_2'), ('mode', 1), ('explicit', 0), ((('explicit', 0),)",2,1,14420,91483,0.13865,0.961511789181692,1.0510278294127784,0.1333136095700416,2.2128853479102584,"(('danceability', 'danceability_2'), ('mode', 1))","(('explicit', 0),)","['mode,1', 'explicit,0', 'danceability,danceability_2']"
164,164,200,"{('danceability', 'danceability_3'), ('mode', 1), ('explicit', 0), ((('explicit', 0),)",2,1,14195,91483,0.13063,0.9202536104262063,1.0059285445669757,0.1202127291299753,1.0680107198229576,"(('danceability', 'danceability_3'), ('mode', 1))","(('explicit', 0),)","['mode,1', 'danceability,danceability_3', 'explicit,0']"
167,167,208,"{('duration_ms', 'duration_ms_1'), ('mode', 1), ('explicit', 0), ((('explicit', 0),)",2,1,14696,91483,0.14039,0.9552939575394666,1.0442311222188456,0.1341137186989656,1.905111555559332,"(('duration_ms', 'duration_ms_1'), ('mode', 1))","(('explicit', 0),)","['mode,1', 'explicit,0', 'duration_ms,duration_ms_1']"
168,168,211,"{('duration_ms', 'duration_ms_2'), ('mode', 1), ('explicit', 0), ((('explicit', 0),)",2,1,14127,91483,0.13108,0.9278686203723366,1.0142525063370644,0.1216250187584059,1.1807620935420735,"(('duration_ms', 'duration_ms_2'), ('mode', 1))","(('explicit', 0),)","['mode,1', 'explicit,0', 'duration_ms,duration_ms_2']"
170,170,217,"{('duration_ms', 'duration_ms_4'), ('mode', 1), ('explicit', 0), ((('explicit', 0),)",2,1,13159,91483,0.12427,0.9443726726954936,1.0322930737902054,0.117357192035869,1.5310819806728044,"(('duration_ms', 'duration_ms_4'), ('mode', 1))","(('explicit', 0),)","['mode,1', 'explicit,0', 'duration_ms,duration_ms_4']"
171,171,220,"{('energy', 'energy_0'), ('instrumentalness', 'instrumentalness_3'), ('explicit', 0), ((('explicit', 0),)",2,1,8151,91483,0.08142,0.9988958410011042,1.091892308954783,0.0813300993743099,77.13556014089573,"(('energy', 'energy_0'), ('instrumentalness', 'instrumentalness_3'))","(('explicit', 0),)","['instrumentalness,instrumentalness_3', 'explicit,0', 'energy,energy_0']"
172,172,221,"{('explicit', 0), ('loudness', 'loudness_0'), ('energy', 'energy_0'), ((('energy', 'energy_0'),)",2,1,18781,19940,0.13503,0.7189713007827059,3.605673524486991,0.0970826947446887,2.8488193532581128,"(('explicit', 0), ('loudness', 'loudness_0'))","(('energy', 'energy_0'),)","['loudness,loudness_0', 'explicit,0', 'energy,energy_0']"
173,173,226,"{('energy', 'energy_0'), ('mode', 1), ('explicit', 0), ((('explicit', 0),)",2,1,14414,91483,0.13882,0.9630914388788676,1.0527545433346828,0.1336963535451644,2.3075946367261824,"(('energy', 'energy_0'), ('mode', 1))","(('explicit', 0),)","['mode,1', 'explicit,0', 'energy,energy_0']"
174,174,229,"{('energy', 'energy_0'), ('popularity', 'popularity_0'), ('explicit', 0), ((('explicit', 0),)",2,1,9321,91483,0.08539,0.916103422379573,1.001391977066311,0.0782260712369917,1.0151784661605128,"(('energy', 'energy_0'), ('popularity', 'popularity_0'))","(('explicit', 0),)","['explicit,0', 'energy,energy_0', 'popularity,popularity_0']"
175,175,230,"{('energy', 'energy_0'), ('valence', 'valence_0'), ('explicit', 0), ((('explicit', 0),)",2,1,9311,91483,0.09284,0.9971002040597144,1.0899294995351203,0.0925707829449038,29.371022093571035,"(('energy', 'energy_0'), ('valence', 'valence_0'))","(('explicit', 0),)","['explicit,0', 'energy,energy_0', 'valence,valence_0']"
176,176,231,"{('energy', 'energy_0'), ('year', 'year_0'), ('explicit', 0), ((('explicit', 0),)",2,1,9272,91483,0.0849,0.9156600517687662,1.000907328977806,0.0777395383951682,1.009841727156966,"(('energy', 'energy_0'), ('year', 'year_0'))","(('explicit', 0),)","['explicit,0', 'energy,energy_0', 'year,year_0']"
177,177,232,"{('loudness', 'loudness_0'), ('mode', 1), ('energy', 'energy_0'), ((('energy', 'energy_0'),)",2,1,14073,19940,0.10171,0.7227314716123072,3.624530950914279,0.0735090179776877,2.8874535518618307,"(('loudness', 'loudness_0'), ('mode', 1))","(('energy', 'energy_0'),)","['mode,1', 'loudness,loudness_0', 'energy,energy_0']"
178,178,235,"{('energy', 'energy_0'), ('year', 'year_0'), ('popularity', 'popularity_0'), ((('popularity', 'popularity_0'),)",2,1,9272,20093,0.08185,0.8827653149266609,4.3933972772938885,0.0722543410267472,6.815986179210832,"(('energy', 'energy_0'), ('year', 'year_0'))","(('popularity', 'popularity_0'),)","['popularity,popularity_0', 'energy,energy_0', 'year,year_0']"
179,179,236,"{('energy', 'energy_0'), ('popularity', 'popularity_0'), ('year', 'year_0'), ((('year', 'year_0'),)",2,1,9321,20101,0.08185,0.8781246647355434,4.368562085147722,0.0718745038086042,6.555797296561104,"(('energy', 'energy_0'), ('popularity', 'popularity_0'))","(('year', 'year_0'),)","['year,year_0', 'energy,energy_0', 'popularity,popularity_0']"
180,180,237,"{('energy', 'energy_1'), ('loudness', 'loudness_1'), ('explicit', 0), ((('explicit', 0),)",2,1,8252,91483,0.08066,0.9774600096946194,1.0684608175230583,0.0788419243819679,3.77861725171424,"(('energy', 'energy_1'), ('loudness', 'loudness_1'))","(('explicit', 0),)","['explicit,0', 'energy,energy_1', 'loudness,loudness_1']"
181,181,238,"{('energy', 'energy_1'), ('mode', 1), ('explicit', 0), ((('explicit', 0),)",2,1,14741,91483,0.14269,0.9679804626551796,1.0580987316279302,0.1381211322162675,2.6599384126903565,"(('energy', 'energy_1'), ('mode', 1))","(('explicit', 0),)","['mode,1', 'explicit,0', 'energy,energy_1']"
182,182,241,"{('energy', 'energy_2'), ('mode', 1), ('explicit', 0), ((('explicit', 0),)",2,1,14523,91483,0.13599,0.9363767816566824,1.0235527711779044,0.1273378785374922,1.3386622192192723,"(('energy', 'energy_2'), ('mode', 1))","(('explicit', 0),)","['mode,1', 'explicit,0', 'energy,energy_2']"
184,184,247,"{('explicit', 0), ('loudness', 'loudness_4'), ('energy', 'energy_4'), ((('energy', 'energy_4'),)",2,1,16212,19988,0.10303,0.6355169010609425,3.1794922006250874,0.0654773063163089,2.1952183794907967,"(('explicit', 0), ('loudness', 'loudness_4'))","(('energy', 'energy_4'),)","['energy,energy_4', 'explicit,0', 'loudness,loudness_4']"
186,186,252,"{('loudness', 'loudness_4'), ('mode', 1), ('energy', 'energy_4'), ((('energy', 'energy_4'),)",2,1,13371,19988,0.08235,0.6158851245232219,3.0812743872484587,0.0507181400044873,2.0830226814929715,"(('loudness', 'loudness_4'), ('mode', 1))","(('energy', 'energy_4'),)","['mode,1', 'loudness,loudness_4', 'energy,energy_4']"
187,187,253,"{('energy', 'energy_4'), ('mode', 1), ('loudness', 'loudness_4'), ((('loudness', 'loudness_4'),)",2,1,13578,19913,0.08235,0.6064958020326999,3.0457279266444037,0.0499449292973928,2.035226058836926,"(('energy', 'energy_4'), ('mode', 1))","(('loudness', 'loudness_4'),)","['energy,energy_4', 'loudness,loudness_4', 'mode,1']"
192,192,261,"{('instrumentalness', 'instrumentalness_0'), ('speechiness', 'speechiness_0'), ('explicit', 0), ((('explicit', 0),)",2,1,8673,91483,0.08571,0.988239363542027,1.0802437212837652,0.0847019958491871,7.241954384220898,"(('instrumentalness', 'instrumentalness_0'), ('speechiness', 'speechiness_0'))","(('explicit', 0),)","['speechiness,speechiness_0', 'explicit,0', 'instrumentalness,instrumentalness_0']"
194,194,263,"{('instrumentalness', 'instrumentalness_1'), ('mode', 1), ('explicit', 0), ((('explicit', 0),)",2,1,14407,91483,0.13649,0.9473866870271396,1.0355876906388506,0.1293088089123343,1.61879177662014,"(('instrumentalness', 'instrumentalness_1'), ('mode', 1))","(('explicit', 0),)","['mode,1', 'explicit,0', 'instrumentalness,instrumentalness_1']"
195,195,266,"{('instrumentalness', 'instrumentalness_2'), ('mode', 1), ('explicit', 0), ((('explicit', 0),)",2,1,13734,91483,0.13278,0.9667977282656182,1.056805885536786,0.1283714023591088,2.5651858437932824,"(('instrumentalness', 'instrumentalness_2'), ('mode', 1))","(('explicit', 0),)","['mode,1', 'instrumentalness,instrumentalness_2', 'explicit,0']"
196,196,269,"{('instrumentalness', 'instrumentalness_3'), ('loudness', 'loudness_0'), ('explicit', 0), ((('explicit', 0),)",2,1,9122,91483,0.09111,0.9987941240955932,1.0917811222801974,0.0910001326463494,70.62909961103342,"(('instrumentalness', 'instrumentalness_3'), ('loudness', 'loudness_0'))","(('explicit', 0),)","['instrumentalness,instrumentalness_3', 'loudness,loudness_0', 'explicit,0']"
197,197,270,"{('instrumentalness', 'instrumentalness_3'), ('mode', 1), ('explicit', 0), ((('explicit', 0),)",2,1,13565,91483,0.13409,0.9884998157021748,1.0805284213484196,0.1325479402875046,7.405967625243901,"(('instrumentalness', 'instrumentalness_3'), ('mode', 1))","(('explicit', 0),)","['instrumentalness,instrumentalness_3', 'explicit,0', 'mode,1']"
198,198,273,"{('instrumentalness', 'instrumentalness_3'), ('popularity', 'popularity_0'), ('explicit', 0), ((('explicit', 0),)",2,1,8389,91483,0.08385,0.999523185123376,1.0925780583533289,0.083810019072595,178.62240788417446,"(('instrumentalness', 'instrumentalness_3'), ('popularity', 'popularity_0'))","(('explicit', 0),)","['instrumentalness,instrumentalness_3', 'explicit,0', 'popularity,popularity_0']"
199,199,274,"{('instrumentalness', 'instrumentalness_3'), ('year', 'year_0'), ('explicit', 0), ((('explicit', 0),)",2,1,8333,91483,0.08329,0.999519980799232,1.0925745557089646,0.083250019200768,177.43003286889106,"(('instrumentalness', 'instrumentalness_3'), ('year', 'year_0'))","(('explicit', 0),)","['instrumentalness,instrumentalness_3', 'explicit,0', 'year,year_0']"
200,200,275,"{('key', 0), ('mode', 1), ('explicit', 0), ((('explicit', 0),)",2,1,10164,91483,0.09488,0.93349075167257,1.0203980539253958,0.0885696025186934,1.280573767728178,"(('key', 0), ('mode', 1))","(('explicit', 0),)","['mode,1', 'key,0', 'explicit,0']"
201,201,276,"{('explicit', 0), ('key', 0), ('mode', 1), ((('mode', 1),)",2,1,11782,70774,0.09488,0.8052962145645901,1.1378418834099957,0.0764065048378883,1.501049390721289,"(('explicit', 0), ('key', 0))","(('mode', 1),)","['mode,1', 'explicit,0', 'key,0']"
202,202,278,"{('key', 2), ('mode', 1), ('explicit', 0), ((('explicit', 0),)",2,1,8714,91483,0.0816,0.9364241450539362,1.0236045440725996,0.0764122102364012,1.3396595096140924,"(('key', 2), ('mode', 1))","(('explicit', 0),)","['mode,1', 'key,2', 'explicit,0']"
203,203,281,"{('key', 7), ('mode', 1), ('explicit', 0), ((('explicit', 0),)",2,1,9878,91483,0.09102,0.9214415873658636,1.0072271212857729,0.0838696132820409,1.0841614037250693,"(('key', 7), ('mode', 1))","(('explicit', 0),)","['mode,1', 'key,7', 'explicit,0']"
204,204,282,"{('explicit', 0), ('key', 7), ('mode', 1), ((('mode', 1),)",2,1,11331,70774,0.09102,0.8032830288588827,1.1349973561744182,0.0731148212867355,1.4856877717208037,"(('explicit', 0), ('key', 7))","(('mode', 1),)","['mode,1', 'explicit,0', 'key,7']"
205,205,284,"{('liveness', 'liveness_0'), ('mode', 1), ('explicit', 0), ((('explicit', 0),)",2,1,14148,91483,0.13314,0.9410517387616624,1.028662963350199,0.1252916284987277,1.444826306425175,"(('liveness', 'liveness_0'), ('mode', 1))","(('explicit', 0),)","['mode,1', 'explicit,0', 'liveness,liveness_0']"
206,206,287,"{('liveness', 'liveness_1'), ('mode', 1), ('explicit', 0), ((('explicit', 0),)",2,1,14138,91483,0.13336,0.9432734474465978,1.031091511479289,0.1257949469514782,1.5014132653030154,"(('liveness', 'liveness_1'), ('mode', 1))","(('explicit', 0),)","['mode,1', 'explicit,0', 'liveness,liveness_1']"
207,207,290,"{('liveness', 'liveness_2'), ('mode', 1), ('explicit', 0), ((('explicit', 0),)",2,1,14133,91483,0.13251,0.937592867756315,1.024882073998792,0.1242404309063893,1.3647478352743974,"(('liveness', 'liveness_2'), ('mode', 1))","(('explicit', 0),)","['mode,1', 'liveness,liveness_2', 'explicit,0']"
208,208,293,"{('liveness', 'liveness_3'), ('mode', 1), ('explicit', 0), ((('explicit', 0),)",2,1,14309,91483,0.13257,0.9264798378642812,1.012734429199175,0.1228234321056677,1.1584577123798747,"(('liveness', 'liveness_3'), ('mode', 1))","(('explicit', 0),)","['mode,1', 'liveness,liveness_3', 'explicit,0']"
209,209,294,"{('explicit', 0), ('liveness', 'liveness_3'), ('mode', 1), ((('mode', 1),)",2,1,18149,70774,0.13257,0.7304534685106617,1.032092955761525,0.0968362163204584,1.0842654783977237,"(('explicit', 0), ('liveness', 'liveness_3'))","(('mode', 1),)","['mode,1', 'explicit,0', 'liveness,liveness_3']"
211,211,299,"{('loudness', 'loudness_0'), ('mode', 1), ('explicit', 0), ((('explicit', 0),)",2,1,14073,91483,0.13309,0.9457116464151212,1.0337567049781065,0.1258647630213885,1.5688447485885444,"(('loudness', 'loudness_0'), ('mode', 1))","(('explicit', 0),)","['mode,1', 'loudness,loudness_0', 'explicit,0']"
212,212,302,"{('loudness', 'loudness_0'), ('valence', 'valence_0'), ('explicit', 0), ((('explicit', 0),)",2,1,8461,91483,0.08421,0.9952724264271364,1.087931557149565,0.0838118910294291,18.0155804392545,"(('loudness', 'loudness_0'), ('valence', 'valence_0'))","(('explicit', 0),)","['loudness,loudness_0', 'explicit,0', 'valence,valence_0']"
213,213,303,"{('loudness', 'loudness_1'), ('mode', 1), ('explicit', 0), ((('explicit', 0),)",2,1,14661,91483,0.14387,0.9813109610531342,1.072670289620076,0.1411812079667144,4.55721643498778,"(('loudness', 'loudness_1'), ('mode', 1))","(('explicit', 0),)","['mode,1', 'explicit,0', 'loudness,loudness_1']"
214,214,306,"{('loudness', 'loudness_2'), ('mode', 1), ('explicit', 0), ((('explicit', 0),)",2,1,14531,91483,0.14043,0.9664166265226068,1.0563893035018603,0.1357138868625697,2.53607629743499,"(('loudness', 'loudness_2'), ('mode', 1))","(('explicit', 0),)","['mode,1', 'explicit,0', 'loudness,loudness_2']"
218,218,315,"{('mode', 1), ('popularity', 'popularity_0'), ('explicit', 0), ((('explicit', 0),)",2,1,14160,91483,0.13366,0.9439265536723164,1.0318054214141603,0.1261652231638418,1.5189007285798046,"(('mode', 1), ('popularity', 'popularity_0'))","(('explicit', 0),)","['mode,1', 'explicit,0', 'popularity,popularity_0']"
219,219,318,"{('mode', 1), ('popularity', 'popularity_1'), ('explicit', 0), ((('explicit', 0),)",2,1,15028,91483,0.14961,0.9955416555762576,1.0882258513344094,0.1489429870907639,19.10349959571043,"(('mode', 1), ('popularity', 'popularity_1'))","(('explicit', 0),)","['mode,1', 'explicit,0', 'popularity,popularity_1']"
220,220,319,"{('explicit', 0), ('popularity', 'popularity_1'), ('mode', 1), ((('mode', 1),)",2,1,20234,70774,0.14961,0.7393990313333992,1.0447325731672636,0.1106214890777898,1.1214846989015508,"(('explicit', 0), ('popularity', 'popularity_1'))","(('mode', 1),)","['popularity,popularity_1', 'explicit,0', 'mode,1']"
221,221,321,"{('mode', 1), ('popularity', 'popularity_2'), ('explicit', 0), ((('explicit', 0),)",2,1,14136,91483,0.13651,0.9656904357668364,1.055595504920954,0.1318264013865308,2.482398113214061,"(('mode', 1), ('popularity', 'popularity_2'))","(('explicit', 0),)","['mode,1', 'explicit,0', 'popularity,popularity_2']"
223,223,325,"{('explicit', 0), ('popularity', 'popularity_3'), ('mode', 1), ((('mode', 1),)",2,1,18382,70774,0.13179,0.716951365466217,1.0130151827877707,0.0944870204547927,1.0325433982355925,"(('explicit', 0), ('popularity', 'popularity_3'))","(('mode', 1),)","['mode,1', 'explicit,0', 'popularity,popularity_3']"
225,225,329,"{('mode', 1), ('speechiness', 'speechiness_0'), ('explicit', 0), ((('explicit', 0),)",2,1,15898,91483,0.1576,0.9913196628506732,1.083610794192006,0.156231978865266,9.81182973921403,"(('mode', 1), ('speechiness', 'speechiness_0'))","(('explicit', 0),)","['mode,1', 'speechiness,speechiness_0', 'explicit,0']"
226,226,332,"{('mode', 1), ('speechiness', 'speechiness_1'), ('explicit', 0), ((('explicit', 0),)",2,1,14251,91483,0.14062,0.9867377727878746,1.078602333535055,0.1387550656094309,6.421997769736039,"(('mode', 1), ('speechiness', 'speechiness_1'))","(('explicit', 0),)","['mode,1', 'explicit,0', 'speechiness,speechiness_1']"
227,227,335,"{('mode', 1), ('speechiness', 'speechiness_2'), ('explicit', 0), ((('explicit', 0),)",2,1,14081,91483,0.13725,0.9747177047084724,1.0654632059600937,0.1337800049712378,3.368760456641808,"(('mode', 1), ('speechiness', 'speechiness_2'))","(('explicit', 0),)","['mode,1', 'explicit,0', 'speechiness,speechiness_2']"
228,228,338,"{('mode', 1), ('speechiness', 'speechiness_3'), ('explicit', 0), ((('explicit', 0),)",2,1,13712,91483,0.12979,0.9465431738623103,1.0346656470189108,0.1228518385355892,1.5932483194452631,"(('mode', 1), ('speechiness', 'speechiness_3'))","(('explicit', 0),)","['mode,1', 'speechiness,speechiness_3', 'explicit,0']"
231,231,343,"{('mode', 1), ('tempo', 'tempo_0'), ('explicit', 0), ((('explicit', 0),)",2,1,14128,91483,0.13187,0.9333946772366932,1.0202930350302166,0.1230867560872027,1.278726612044793,"(('mode', 1), ('tempo', 'tempo_0'))","(('explicit', 0),)","['mode,1', 'explicit,0', 'tempo,tempo_0']"
233,233,349,"{('mode', 1), ('tempo', 'tempo_2'), ('explicit', 0), ((('explicit', 0),)",2,1,14190,91483,0.13597,0.9582100070472164,1.047418653790558,0.13028781465821,2.0380476746713385,"(('mode', 1), ('tempo', 'tempo_2'))","(('explicit', 0),)","['mode,1', 'tempo,tempo_2', 'explicit,0']"
234,234,350,"{('explicit', 0), ('tempo', 'tempo_2'), ('mode', 1), ((('mode', 1),)",2,1,18907,70774,0.13597,0.7191516369598562,1.016124052561472,0.0977830480774316,1.040632730757958,"(('explicit', 0), ('tempo', 'tempo_2'))","(('mode', 1),)","['mode,1', 'explicit,0', 'tempo,tempo_2']"
235,235,352,"{('mode', 1), ('tempo', 'tempo_3'), ('explicit', 0), ((('explicit', 0),)",2,1,14084,91483,0.13243,0.9402868503266116,1.0278268643645396,0.1245221875887531,1.4263189773028808,"(('mode', 1), ('tempo', 'tempo_3'))","(('explicit', 0),)","['mode,1', 'explicit,0', 'tempo,tempo_3']"
237,237,358,"{('mode', 1), ('valence', 'valence_0'), ('explicit', 0), ((('explicit', 0),)",2,1,14080,91483,0.13272,0.9426136363636364,1.0303702724698975,0.1251036818181818,1.4841504691870806,"(('mode', 1), ('valence', 'valence_0'))","(('explicit', 0),)","['mode,1', 'explicit,0', 'valence,valence_0']"
238,238,361,"{('mode', 1), ('valence', 'valence_1'), ('explicit', 0), ((('explicit', 0),)",2,1,14376,91483,0.1324,0.9209794101279912,1.0067219156870575,0.121937673900946,1.0778203384729357,"(('mode', 1), ('valence', 'valence_1'))","(('explicit', 0),)","['mode,1', 'valence,valence_1', 'explicit,0']"
239,239,362,"{('explicit', 0), ('valence', 'valence_1'), ('mode', 1), ((('mode', 1),)",2,1,18212,70774,0.1324,0.726993191302438,1.0272037631085398,0.0962538985284427,1.0705227474866532,"(('explicit', 0), ('valence', 'valence_1'))","(('mode', 1),)","['mode,1', 'explicit,0', 'valence,valence_1']"
241,241,367,"{('mode', 1), ('valence', 'valence_3'), ('explicit', 0), ((('explicit', 0),)",2,1,13857,91483,0.12739,0.9193187558634623,1.0049066557321715,0.1171120163094464,1.0556356667013018,"(('mode', 1), ('valence', 'valence_3'))","(('explicit', 0),)","['mode,1', 'valence,valence_3', 'explicit,0']"
242,242,368,"{('explicit', 0), ('valence', 'valence_3'), ('mode', 1), ((('mode', 1),)",2,1,17883,70774,0.12739,0.7123525135603646,1.0065172429993563,0.0907465867024548,1.016035295845692,"(('explicit', 0), ('valence', 'valence_3'))","(('mode', 1),)","['mode,1', 'explicit,0', 'valence,valence_3']"
243,243,370,"{('mode', 1), ('valence', 'valence_4'), ('explicit', 0), ((('explicit', 0),)",2,1,14550,91483,0.14069,0.9669415807560138,1.056963130588212,0.1360390109965636,2.576348154915041,"(('mode', 1), ('valence', 'valence_4'))","(('explicit', 0),)","['mode,1', 'explicit,0', 'valence,valence_4']"
244,244,373,"{('mode', 1), ('year', 'year_0'), ('explicit', 0), ((('explicit', 0),)",2,1,14135,91483,0.13342,0.9438981252210824,1.0317743462950304,0.1259348878669968,1.518131057429025,"(('mode', 1), ('year', 'year_0'))","(('explicit', 0),)","['mode,1', 'explicit,0', 'year,year_0']"
245,245,376,"{('mode', 1), ('year', 'year_1'), ('explicit', 0), ((('explicit', 0),)",2,1,14694,91483,0.14687,0.9995236150809854,1.0925785283396756,0.1468000333469443,178.7836218504871,"(('mode', 1), ('year', 'year_1'))","(('explicit', 0),)","['mode,1', 'explicit,0', 'year,year_1']"
246,246,379,"{('mode', 1), ('year', 'year_2'), ('explicit', 0), ((('explicit', 0),)",2,1,14581,91483,0.14453,0.9912214525752692,1.083503440612211,0.1432612365407036,9.702059597923954,"(('mode', 1), ('year', 'year_2'))","(('explicit', 0),)","['mode,1', 'explicit,0', 'year,year_2']"
249,249,387,"{('popularity', 'popularity_0'), ('year', 'year_0'), ('explicit', 0), ((('explicit', 0),)",2,1,17630,91483,0.16392,0.9297787861599546,1.016340507154285,0.1524093386273397,1.2128813236000813,"(('popularity', 'popularity_0'), ('year', 'year_0'))","(('explicit', 0),)","['explicit,0', 'year,year_0', 'popularity,popularity_0']"
250,250,392,"{('popularity', 'popularity_1'), ('year', 'year_1'), ('explicit', 0), ((('explicit', 0),)",2,1,12448,91483,0.12441,0.9994376606683804,1.09248457163449,0.1243400393637532,151.45632495309653,"(('popularity', 'popularity_1'), ('year', 'year_1'))","(('explicit', 0),)","['popularity,popularity_1', 'explicit,0', 'year,year_1']"
251,251,397,"{('popularity', 'popularity_2'), ('year', 'year_2'), ('explicit', 0), ((('explicit', 0),)",2,1,8841,91483,0.08756,0.9903857029747766,1.0825898833387368,0.0867181721524714,8.85868107859291,"(('popularity', 'popularity_2'), ('year', 'year_2'))","(('explicit', 0),)","['explicit,0', 'year,year_2', 'popularity,popularity_2']"
253,253,400,"{('mode', 1), ('year', 'year_4'), ('instrumentalness', 'instrumentalness_0'), ((('instrumentalness', 'instrumentalness_0'),)",2,1,13048,40070,0.0804,0.6161863887185776,1.5377748657813266,0.0495413856529736,1.5614349799573473,"(('mode', 1), ('year', 'year_4'))","(('instrumentalness', 'instrumentalness_0'),)","['mode,1', 'year,year_4', 'instrumentalness,instrumentalness_0']"
254,254,402,"{('popularity', 'popularity_4'), ('year', 'year_4'), ('instrumentalness', 'instrumentalness_0'), ((('instrumentalness', 'instrumentalness_0'),)",2,1,12892,40070,0.08193,0.6355103940428173,1.586000484259589,0.052067366583928,1.6442169778256552,"(('popularity', 'popularity_4'), ('year', 'year_4'))","(('instrumentalness', 'instrumentalness_0'),)","['year,year_4', 'popularity,popularity_4', 'instrumentalness,instrumentalness_0']"
256,256,406,"{('mode', 1), ('year', 'year_0'), ('popularity', 'popularity_0'), ((('popularity', 'popularity_0'),)",2,1,14135,20093,0.1238,0.8758401131941987,4.35893153433633,0.1084290060134418,6.435814449589605,"(('mode', 1), ('year', 'year_0'))","(('popularity', 'popularity_0'),)","['mode,1', 'popularity,popularity_0', 'year,year_0']"
257,257,410,"{('popularity', 'popularity_1'), ('year', 'year_1'), ('mode', 1), ((('mode', 1),)",2,1,12448,70774,0.0918,0.7374678663239075,1.0420039369315108,0.0676995501285347,1.1132351487583991,"(('popularity', 'popularity_1'), ('year', 'year_1'))","(('mode', 1),)","['popularity,popularity_1', 'mode,1', 'year,year_1']"
258,258,411,"{('mode', 1), ('year', 'year_1'), ('popularity', 'popularity_1'), ((('popularity', 'popularity_1'),)",2,1,14694,20332,0.0918,0.6247447937933851,3.0727168689424804,0.0573515720702327,2.1230351630040123,"(('mode', 1), ('year', 'year_1'))","(('popularity', 'popularity_1'),)","['mode,1', 'popularity,popularity_1', 'year,year_1']"
260,260,416,"{('energy', 'energy_0'), ('explicit', 0), ('loudness', 'loudness_0'), ('acousticness', 'acousticness_4'), ((('acousticness', 'acousticness_4'),)",3,1,13503,19808,0.08643,0.6400799822261719,3.2314215580885097,0.055322112863808,2.228050561710829,"(('energy', 'energy_0'), ('explicit', 0), ('loudness', 'loudness_0'))","(('acousticness', 'acousticness_4'),)","['loudness,loudness_0', 'explicit,0', 'acousticness,acousticness_4', 'energy,energy_0']"
261,261,417,"{('acousticness', 'acousticness_4'), ('explicit', 0), ('loudness', 'loudness_0'), ('energy', 'energy_0'), ((('energy', 'energy_0'),)",3,1,10096,19940,0.08643,0.8560816164817749,4.293287946247618,0.0739911341125198,5.562875116199044,"(('acousticness', 'acousticness_4'), ('explicit', 0), ('loudness', 'loudness_0'))","(('energy', 'energy_0'),)","['loudness,loudness_0', 'acousticness,acousticness_4', 'explicit,0', 'energy,energy_0']"
262,262,423,"{('energy', 'energy_0'), ('explicit', 0), ('mode', 1), ('acousticness', 'acousticness_4'), ((('acousticness', 'acousticness_4'),)",3,1,13882,19808,0.08423,0.6067569514479182,3.06319139462802,0.0511071380204581,2.0392477398225246,"(('energy', 'energy_0'), ('explicit', 0), ('mode', 1))","(('acousticness', 'acousticness_4'),)","['mode,1', 'explicit,0', 'acousticness,acousticness_4', 'energy,energy_0']"
263,263,424,"{('acousticness', 'acousticness_4'), ('explicit', 0), ('mode', 1), ('energy', 'energy_0'), ((('energy', 'energy_0'),)",3,1,14034,19940,0.08423,0.6001852643579877,3.009956190361022,0.0505536048168733,2.0024274410796528,"(('acousticness', 'acousticness_4'), ('explicit', 0), ('mode', 1))","(('energy', 'energy_0'),)","['mode,1', 'acousticness,acousticness_4', 'explicit,0', 'energy,energy_0']"
264,264,428,"{('explicit', 0), ('mode', 1), ('popularity', 'popularity_0'), ('acousticness', 'acousticness_4'), ((('acousticness', 'acousticness_4'),)",3,1,13366,19808,0.093,0.6957953015112973,3.512698412314708,0.0647089630405506,2.636119696204039,"(('explicit', 0), ('mode', 1), ('popularity', 'popularity_0'))","(('acousticness', 'acousticness_4'),)","['mode,1', 'explicit,0', 'acousticness,acousticness_4', 'popularity,popularity_0']"
265,265,429,"{('acousticness', 'acousticness_4'), ('mode', 1), ('popularity', 'popularity_0'), ('explicit', 0), ((('explicit', 0),)",3,1,9301,91483,0.093,0.9998924846790668,1.092981739425977,0.0929900010751532,792.1588021310258,"(('acousticness', 'acousticness_4'), ('mode', 1), ('popularity', 'popularity_0'))","(('explicit', 0),)","['mode,1', 'acousticness,acousticness_4', 'explicit,0', 'popularity,popularity_0']"
266,266,435,"{('explicit', 0), ('mode', 1), ('year', 'year_0'), ('acousticness', 'acousticness_4'), ((('acousticness', 'acousticness_4'),)",3,1,13342,19808,0.09259,0.6939739169539799,3.5035032156400443,0.064255044970769,2.620430224109287,"(('explicit', 0), ('mode', 1), ('year', 'year_0'))","(('acousticness', 'acousticness_4'),)","['mode,1', 'explicit,0', 'acousticness,acousticness_4', 'year,year_0']"
267,267,436,"{('acousticness', 'acousticness_4'), ('mode', 1), ('year', 'year_0'), ('explicit', 0), ((('explicit', 0),)",3,1,9261,91483,0.09259,0.9997840406003672,1.0928631992833282,0.092570004319188,394.3778588334239,"(('acousticness', 'acousticness_4'), ('mode', 1), ('year', 'year_0'))","(('explicit', 0),)","['mode,1', 'acousticness,acousticness_4', 'explicit,0', 'year,year_0']"
268,268,442,"{('explicit', 0), ('popularity', 'popularity_0'), ('year', 'year_0'), ('acousticness', 'acousticness_4'), ((('acousticness', 'acousticness_4'),)",3,1,16392,19808,0.11892,0.7254758418740849,3.6625395894289423,0.0862735871156661,2.92112724269264,"(('explicit', 0), ('popularity', 'popularity_0'), ('year', 'year_0'))","(('acousticness', 'acousticness_4'),)","['explicit,0', 'acousticness,acousticness_4', 'year,year_0', 'popularity,popularity_0']"
269,269,443,"{('acousticness', 'acousticness_4'), ('popularity', 'popularity_0'), ('year', 'year_0'), ('explicit', 0), ((('explicit', 0),)",3,1,11893,91483,0.11892,0.9999159169259229,1.0930073531977775,0.1189100008408307,1012.914763405229,"(('acousticness', 'acousticness_4'), ('popularity', 'popularity_0'), ('year', 'year_0'))","(('explicit', 0),)","['acousticness,acousticness_4', 'explicit,0', 'year,year_0', 'popularity,popularity_0']"
270,270,453,"{('mode', 1), ('popularity', 'popularity_0'), ('year', 'year_0'), ('acousticness', 'acousticness_4'), ((('acousticness', 'acousticness_4'),)",3,1,12380,19808,0.08375,0.6764943457189014,3.415258207385407,0.056656401453958,2.478843837531064,"(('mode', 1), ('popularity', 'popularity_0'), ('year', 'year_0'))","(('acousticness', 'acousticness_4'),)","['mode,1', 'acousticness,acousticness_4', 'year,year_0', 'popularity,popularity_0']"
271,271,459,"{('explicit', 0), ('loudness', 'loudness_0'), ('mode', 1), ('energy', 'energy_0'), ((('energy', 'energy_0'),)",3,1,13309,19940,0.09671,0.7266511383274475,3.6441882564064576,0.0702744315876474,2.9288579881857686,"(('explicit', 0), ('loudness', 'loudness_0'), ('mode', 1))","(('energy', 'energy_0'),)","['mode,1', 'loudness,loudness_0', 'explicit,0', 'energy,energy_0']"
272,272,466,"{('mode', 1), ('popularity', 'popularity_0'), ('year', 'year_0'), ('explicit', 0), ((('explicit', 0),)",3,1,12380,91483,0.11594,0.9365105008077544,1.02369893948357,0.108579027463651,1.341481658260123,"(('mode', 1), ('popularity', 'popularity_0'), ('year', 'year_0'))","(('explicit', 0),)","['mode,1', 'explicit,0', 'year,year_0', 'popularity,popularity_0']"
273,273,475,"{('mode', 1), ('popularity', 'popularity_1'), ('year', 'year_1'), ('explicit', 0), ((('explicit', 0),)",3,1,9180,91483,0.09176,0.9995642701525056,1.092622968368446,0.0917200174291939,195.46470140852747,"(('mode', 1), ('popularity', 'popularity_1'), ('year', 'year_1'))","(('explicit', 0),)","['mode,1', 'explicit,0', 'popularity,popularity_1', 'year,year_1']"
274,274,476,"{('explicit', 0), ('popularity', 'popularity_1'), ('year', 'year_1'), ('mode', 1), ((('mode', 1),)",3,1,12441,70774,0.09176,0.7375612892854272,1.0421359387422318,0.0676786239048308,1.1136314383293446,"(('explicit', 0), ('popularity', 'popularity_1'), ('year', 'year_1'))","(('mode', 1),)","['popularity,popularity_1', 'mode,1', 'explicit,0', 'year,year_1']"
275,275,482,"{('explicit', 0), ('mode', 1), ('popularity', 'popularity_0'), ('year', 'year_0'), ('acousticness', 'acousticness_4'), ((('acousticness', 'acousticness_4'),)",4,1,11594,19808,0.08374,0.7222701397274452,3.6463557134866975,0.0604829015007762,2.887410076560052,"(('explicit', 0), ('mode', 1), ('popularity', 'popularity_0'), ('year', 'year_0'))","(('acousticness', 'acousticness_4'),)","['popularity,popularity_0', 'mode,1', 'year,year_0', 'explicit,0', 'acousticness,acousticness_4']"
276,276,483,"{('acousticness', 'acousticness_4'), ('mode', 1), ('popularity', 'popularity_0'), ('year', 'year_0'), ('explicit', 0), ((('explicit', 0),)",4,1,8375,91483,0.08374,0.9998805970149254,1.0929687450290495,0.0837300011940298,713.2927761730184,"(('acousticness', 'acousticness_4'), ('mode', 1), ('popularity', 'popularity_0'), ('year', 'year_0'))","(('explicit', 0),)","['explicit,0', 'popularity,popularity_0', 'mode,1', 'year,year_0', 'acousticness,acousticness_4']"
